Link Text,Link Href
"Read the most current information about prevention, testing and where to go if you're sick.",https://www.bjc.org/Newsroom/Article/ArtMID/5522/ArticleID/5936/Virtual-Care-Convenient-Care-or-Emergency-Care-How-to-Choose-the-Right-One
,
COVID-19 Information,
314.273.2234,tel:314.273.2234
MyChart,https://www.bjc.org/mychart
Schedule online now.,https://scheduling.bjc.org/next-available
,/
,tel:314.273.2234
,
,
Find a Location,https://www.bjcmedicalgroup.org/Find-a-Location
Alton OBGYN Associates at Edwardsville,https://www.bjcmedicalgroup.org/Find-a-Location/Alton-OBGYN-Associates-at-Edwardsville
BJC Medical Group Cardiology at Edwardsville,https://www.bjcmedicalgroup.org/Find-a-Location/BJC-Medical-Group-Cardiology-at-Edwardsville
BJC Medical Group Neurology Associates at St. Charles,https://www.bjcmedicalgroup.org/Find-a-Location/BJC-Medical-Group-Neurology-Associates-at-St-Charles
Metro Heart Group,https://www.bjcmedicalgroup.org/Find-a-Location/Metro-Heart-Group
BJC Medical Group Pulmonology at Shiloh,https://www.bjcmedicalgroup.org/Find-a-Location/BJC-Medical-Group-Pulmonology-at-Shiloh
BJC Medical Group Endocrinology of Edwardsville,https://www.bjcmedicalgroup.org/Find-a-Location/BJC-Medical-Group-Endocrinology-of-Edwardsville
BJC Medical Group Primary Care at Edwardsville,https://www.bjcmedicalgroup.org/Find-a-Location/BJC-Medical-Group-Primary-Care-at-Edwardsville
BJC Medical Group Healthcare Group for Women,https://www.bjcmedicalgroup.org/Find-a-Location/BJC-Medical-Group-Healthcare-Group-for-Women
BJC Medical Group ENT Specialists at Missouri Baptist,https://www.bjcmedicalgroup.org/Find-a-Location/BJC-Medical-Group-ENT-Specialists-at-Missouri-Baptist
Vascular and Vein Surgery at Edwardsville,https://www.bjcmedicalgroup.org/Find-a-Location/Vascular-and-Vein-Surgery-at-Edwardsville
BJC Medical Group Convenient Care at Swansea,https://www.bjcmedicalgroup.org/Find-a-Location/BJC-Medical-Group-Convenient-Care-at-Swansea
BJC Medical Group Gastroenterology at Christian Hospital,https://www.bjcmedicalgroup.org/Find-a-Location/BJC-Medical-Group-Gastroenterology-at-Christian-Hospital
BJC Medical Group Gastroenterology at Barnes Jewish St. Peters,https://www.bjcmedicalgroup.org/Find-a-Location/BJC-Medical-Group-Gastroenterology-at-Barnes-Jewish-St-Peters
BJC Medical Group Vein and Vascular at Shiloh,https://www.bjcmedicalgroup.org/Find-a-Location/BJC-Medical-Group-Vein-and-Vascular-at-Shiloh
BJC Medical Group Primary Care at South County,https://www.bjcmedicalgroup.org/Find-a-Location/BJC-Medical-Group-Primary-Care-at-South-County
BJC Medical Group at O'Fallon,https://www.bjcmedicalgroup.org/Find-a-Location/BJC-Medical-Group-at-OFallon
BJC Medical Group Family Medicine at Sunset Hills,https://www.bjcmedicalgroup.org/Find-a-Location/BJC-Medical-Group-Primary-Care-at-Sunset-Hills-deleted
BJC Medical Group Plastic Surgery at Belleville,https://www.bjcmedicalgroup.org/Find-a-Location/BJC-Medical-Group-Plastic-Surgery-at-Belleville
BJC Medical Group Primary Care Associates,https://www.bjcmedicalgroup.org/Find-a-Location/BJC-Medical-Group-Primary-Care-Associates
BJC Medical Group Pulmonary at Shiloh,https://www.bjcmedicalgroup.org/Find-a-Location/BJC-Medical-Group-Pulmonary-at-Shiloh
Midwest Neurology at Chester,https://www.bjcmedicalgroup.org/Find-a-Location/Midwest-Neurology-at-Chester
Midwest Neurology at Columbia,https://www.bjcmedicalgroup.org/Find-a-Location/Midwest-Neurology-at-Columbia
Central Medical Group at Barnes-Jewish Hospital,https://www.bjcmedicalgroup.org/Find-a-Location/Central-Medical-Group-at-Barnes-Jewish-Hospital
BJC Medical Group Pulmonary at Belleville,https://www.bjcmedicalgroup.org/Find-a-Location/BJC-Medical-Group-Pulmonary-at-Belleville
BJC Medical Group Convenient Care at Edwardsville,https://www.bjcmedicalgroup.org/Find-a-Location/BJC-Medical-Group-Convenient-Care-at-Edwardsville
BJC Medical Group Midwifery at South County,https://www.bjcmedicalgroup.org/Find-a-Location/BJC-Medical-Group-Midwifery-at-South-County
Rheumotology and Internal Medicine Associates at St. Peters,https://www.bjcmedicalgroup.org/Find-a-Location/Rheumotology-and-Internal-Medicine-Associates-at-St-Peters
Professionals in Women's Care - Creve Coeur,https://www.bjcmedicalgroup.org/Find-a-Location/Professionals-in-Womens-Care-Creve-Coeur
BJC Medical Group Cardiology at Festus,https://www.bjcmedicalgroup.org/Find-a-Location/BJC-Medical-Group-Cardiology-at-Festus
BJC Medical Group Sleep Medicine at Christian Hospital,https://www.bjcmedicalgroup.org/Find-a-Location/BJC-Medical-Group-Sleep-Medicine-at-Christian-Hospital
BJC Medical Group Neurology at Christian Hospital,https://www.bjcmedicalgroup.org/Find-a-Location/BJC-Medical-Group-Neurology-at-Christian-Hospital
Alton Memorial Convenient Care at Godfrey,https://www.bjcmedicalgroup.org/Find-a-Location/Alton-Memorial-Convenient-Care-at-Godfrey
Barnes West Medical Consultants,https://www.bjcmedicalgroup.org/Find-a-Location/Barnes-West-Medical-Consultants
BJC Medical Group Cardiology at Belleville,https://www.bjcmedicalgroup.org/Find-a-Location/BJC-Medical-Group-Cardiology-at-Belleville
BJC Medical Group Cardiology at Missouri Baptist Medical Center,https://www.bjcmedicalgroup.org/Find-a-Location/BJC-Medical-Group-Cardiology-at-Missouri-Baptist-Medical-Center
BJC Medical Group Cardiology at Sullivan,https://www.bjcmedicalgroup.org/Find-a-Location/BJC-Medical-Group-Cardiology-at-Sullivan
BJC Medical Group Convenient Care at Wentzville,https://www.bjcmedicalgroup.org/Find-a-Location/BJC-Medical-Group-Convenient-Care-at-Wentzville
"BJC Medical Group Family Medicine at O'Fallon, IL",https://www.bjcmedicalgroup.org/Find-a-Location/BJC-Medical-Group-Family-Medicine-at-OFallon-IL
BJC Medical Group Orthopedics & Sports Medicine at Edwardsville,https://www.bjcmedicalgroup.org/Find-a-Location/BJC-Medical-Group-Orthopedics-Sports-Medicine-at-Edwardsville
BJC Medical Group Primary Care at Barnes West,https://www.bjcmedicalgroup.org/Find-a-Location/BJC-Medical-Group-Primary-Care-at-Barnes-West
BJC Medical Group Primary Care at Missouri Baptist Medical Center,https://www.bjcmedicalgroup.org/Find-a-Location/BJC-Medical-Group-Primary-Care-at-Missouri-Baptist-Medical-Center
BJC Medical Group Specialists of North County - St. Louis,https://www.bjcmedicalgroup.org/Find-a-Location/BJC-Medical-Group-Specialists-of-North-County-St-Louis
BJC Medical Group Women's Health Care at Progress West,https://www.bjcmedicalgroup.org/Find-a-Location/BJC-Medical-Group-Womens-Health-Care-at-Progress-West
Central Medical Group at the Highlands,https://www.bjcmedicalgroup.org/Find-a-Location/Central-Medical-Group-at-the-Highlands
Memorial's Center for Advanced Wound Healing,https://www.bjcmedicalgroup.org/Find-a-Location/Memorials-Center-for-Advanced-Wound-Healing
OB/GYN Associates at Sunset Hills,https://www.bjcmedicalgroup.org/Find-a-Location/OB-GYN-Associates-at-Sunset-Hills
Sunset Hills Adult Medicine,https://www.bjcmedicalgroup.org/Find-a-Location/Sunset-Hills-Adult-Medicine
Wound Care - Sullivan,https://www.bjcmedicalgroup.org/Find-a-Location/Wound-Care-Sullivan
Sunset Hills Adult Medicine,https://www.bjcmedicalgroup.org/Find-a-Location/Sunset-Hills-Adult-Medicine
Alton Memorial Convenient Care at Godfrey,https://www.bjcmedicalgroup.org/Find-a-Location/Alton-Memorial-Convenient-Care-at-Godfrey
Barnes West Medical Consultants,https://www.bjcmedicalgroup.org/Find-a-Location/Barnes-West-Medical-Consultants
BJC Medical Group Cardiology at Belleville,https://www.bjcmedicalgroup.org/Find-a-Location/BJC-Medical-Group-Cardiology-at-Belleville
BJC Medical Group Cardiology at Missouri Baptist Medical Center,https://www.bjcmedicalgroup.org/Find-a-Location/BJC-Medical-Group-Cardiology-at-Missouri-Baptist-Medical-Center
BJC Medical Group Cardiology at Sullivan,https://www.bjcmedicalgroup.org/Find-a-Location/BJC-Medical-Group-Cardiology-at-Sullivan
BJC Medical Group Convenient Care at Wentzville,https://www.bjcmedicalgroup.org/Find-a-Location/BJC-Medical-Group-Convenient-Care-at-Wentzville
"BJC Medical Group Family Medicine at O'Fallon, IL",https://www.bjcmedicalgroup.org/Find-a-Location/BJC-Medical-Group-Family-Medicine-at-OFallon-IL
BJC Medical Group Orthopedics & Sports Medicine at Edwardsville,https://www.bjcmedicalgroup.org/Find-a-Location/BJC-Medical-Group-Orthopedics-Sports-Medicine-at-Edwardsville
BJC Medical Group Primary Care at Barnes West,https://www.bjcmedicalgroup.org/Find-a-Location/BJC-Medical-Group-Primary-Care-at-Barnes-West
BJC Medical Group Primary Care at Missouri Baptist Medical Center,https://www.bjcmedicalgroup.org/Find-a-Location/BJC-Medical-Group-Primary-Care-at-Missouri-Baptist-Medical-Center
BJC Medical Group Specialists of North County - St. Louis,https://www.bjcmedicalgroup.org/Find-a-Location/BJC-Medical-Group-Specialists-of-North-County-St-Louis
BJC Medical Group Women's Health Care at Progress West,https://www.bjcmedicalgroup.org/Find-a-Location/BJC-Medical-Group-Womens-Health-Care-at-Progress-West
Central Medical Group at the Highlands,https://www.bjcmedicalgroup.org/Find-a-Location/Central-Medical-Group-at-the-Highlands
Christian Hospital Orthopedics & Spine Surgeons,https://www.bjcmedicalgroup.org/Find-a-Location/Christian-Hospital-Orthopedics-Spine-Surgeons
Medical Arts Clinic,https://www.bjcmedicalgroup.org/Find-a-Location/Medical-Arts-Clinic
Medical Arts Convenient Care,https://www.bjcmedicalgroup.org/Find-a-Location/Medical-Arts-Convenient-Care
Memorial's Center for Advanced Wound Healing,https://www.bjcmedicalgroup.org/Find-a-Location/Memorials-Center-for-Advanced-Wound-Healing
OB/GYN Associates at Sunset Hills,https://www.bjcmedicalgroup.org/Find-a-Location/OB-GYN-Associates-at-Sunset-Hills
Sunset Hills Adult Medicine,https://www.bjcmedicalgroup.org/Find-a-Location/Sunset-Hills-Adult-Medicine
Wound Care - Sullivan,https://www.bjcmedicalgroup.org/Find-a-Location/Wound-Care-Sullivan
BJC Medical Group Pulmonary at Alton,https://www.bjcmedicalgroup.org/Find-a-Location/BJC-Medical-Group-Pulmonary-at-Alton
BJC Medical Group at South County,https://www.bjcmedicalgroup.org/Find-a-Location/BJC-Medical-Group-at-South-County
Alton Internal Medicine,https://www.bjcmedicalgroup.org/Find-a-Location/Alton-Internal-Medicine
Alton Memorial Convenient Care at Bethalto,https://www.bjcmedicalgroup.org/Find-a-Location/Alton-Memorial-Convenient-Care-at-Bethalto
Alton OBGYN Associates,https://www.bjcmedicalgroup.org/Find-a-Location/Alton-OBGYN-Associates
Alton Surgery,https://www.bjcmedicalgroup.org/Find-a-Location/Alton-Surgery
Alton Wound Care Center,https://www.bjcmedicalgroup.org/Find-a-Location/Alton-Wound-Care-Center
Arrhythmia Center,https://www.bjcmedicalgroup.org/Find-a-Location/Arrhythmia-Center
BJC ConciergeCare,https://www.bjcmedicalgroup.org/Find-a-Location/BJC-ConciergeCare
"BJC Medical Group at Columbia, IL",https://www.bjcmedicalgroup.org/Find-a-Location/BJC-Medical-Group-at-Columbia-IL
BJC Medical Group at Festus,https://www.bjcmedicalgroup.org/Find-a-Location/BJC-Medical-Group-at-Festus
BJC Medical Group at Hazelwood,https://www.bjcmedicalgroup.org/Find-a-Location/BJC-Medical-Group-at-Hazelwood
BJC Medical Group at Lake St. Louis,https://www.bjcmedicalgroup.org/Find-a-Location/BJC-Medical-Group-at-Lake-St-Louis
BJC Medical Group at Northwest HealthCare,https://www.bjcmedicalgroup.org/Find-a-Location/BJC-Medical-Group-at-Northwest-HealthCare
BJC Medical Group at Progress West - Primary Care,https://www.bjcmedicalgroup.org/Find-a-Location/BJC-Medical-Group-at-Progress-West-Primary-Care
BJC Medical Group at Progress West - Specialists,https://www.bjcmedicalgroup.org/Find-a-Location/BJC-Medical-Group-at-Progress-West-Specialists
BJC Medical Group at St. Peters,https://www.bjcmedicalgroup.org/Find-a-Location/BJC-Medical-Group-at-St-Peters
BJC Medical Group at the Highlands,https://www.bjcmedicalgroup.org/Find-a-Location/BJC-Medical-Group-at-the-Highlands
BJC Medical Group at Wentzville,https://www.bjcmedicalgroup.org/Find-a-Location/BJC-Medical-Group-at-Wentzville
BJC Medical Group Behavioral Health,https://www.bjcmedicalgroup.org/Find-a-Location/BJC-Medical-Group-Behavioral-Health
BJC Medical Group Bourbon Clinic,https://www.bjcmedicalgroup.org/Find-a-Location/BJC-Medical-Group-Bourbon-Clinic
BJC Medical Group Breast Care Consultants,https://www.bjcmedicalgroup.org/Find-a-Location/BJC-Medical-Group-Breast-Care-Consultants
BJC Medical Group Cardiology at Christian Hospital,https://www.bjcmedicalgroup.org/Find-a-Location/BJC-Medical-Group-Cardiology-at-Christian-Hospital
BJC Medical Group Cardiology at Maryville,https://www.bjcmedicalgroup.org/Find-a-Location/BJC-Medical-Group-Cardiology-at-Maryville
BJC Medical Group Cardiology at O'Fallon,https://www.bjcmedicalgroup.org/Find-a-Location/BJC-Medical-Group-Cardiology-at-OFallon
BJC Medical Group Cardiology at Parkland Health Center,https://www.bjcmedicalgroup.org/Find-a-Location/BJC-Medical-Group-Cardiology-at-Parkland-Health-Center
BJC Medical Group Cardiology at Salem,https://www.bjcmedicalgroup.org/Find-a-Location/BJC-Medical-Group-Cardiology-at-Salem
BJC Medical Group Cardiology at Shiloh,https://www.bjcmedicalgroup.org/Find-a-Location/BJC-Medical-Group-Cardiology-at-Shiloh
BJC Medical Group Cardiology at St. Peters,https://www.bjcmedicalgroup.org/Find-a-Location/BJC-Medical-Group-Cardiology-at-St-Peters
BJC Medical Group Center for Sleep Medicine,https://www.bjcmedicalgroup.org/Find-a-Location/BJC-Medical-Group-Center-for-Sleep-Medicine
BJC Medical Group Cuba Clinic,https://www.bjcmedicalgroup.org/Find-a-Location/BJC-Medical-Group-Cuba-Clinic
BJC Medical Group Diabetes and Endocrine Care of Alton,https://www.bjcmedicalgroup.org/Find-a-Location/BJC-Medical-Group-Diabetes-and-Endocrine-Care-of-Alton
BJC Medical Group ENT Specialists at Alton,https://www.bjcmedicalgroup.org/Find-a-Location/BJC-Medical-Group-ENT-Specialists-at-Alton
BJC Medical Group ENT Specialists at Missouri Baptist Medical Center,https://www.bjcmedicalgroup.org/Find-a-Location/BJC-Medical-Group-ENT-Specialists-at-Missouri-Baptist-Medical-Center
BJC Medical Group ENT Specialists of Sullivan,https://www.bjcmedicalgroup.org/Find-a-Location/BJC-Medical-Group-ENT-Specialists-of-Sullivan
BJC Medical Group ENT Specialists of Sunset Hills,https://www.bjcmedicalgroup.org/Find-a-Location/BJC-Medical-Group-ENT-Specialists-of-Sunset-Hills
BJC Medical Group Family Medicine at Belleville - 4600 Memorial,https://www.bjcmedicalgroup.org/Find-a-Location/BJC-Medical-Group-Family-Medicine-at-Belleville-4600-Memorial
BJC Medical Group Family Medicine at Collinsville,https://www.bjcmedicalgroup.org/Find-a-Location/BJC-Medical-Group-Family-Medicine-at-Collinsville
BJC Medical Group Family Medicine at Festus,https://www.bjcmedicalgroup.org/Find-a-Location/BJC-Medical-Group-Family-Medicine-at-Festus
BJC Medical Group Family Medicine at Smithton,https://www.bjcmedicalgroup.org/Find-a-Location/BJC-Medical-Group-Family-Medicine-at-Smithton
BJC Medical Group Family Physicians of Bethalto,https://www.bjcmedicalgroup.org/Find-a-Location/BJC-Medical-Group-Family-Physicians-of-Bethalto
BJC Medical Group Gastroenterology at Alton,https://www.bjcmedicalgroup.org/Find-a-Location/BJC-Medical-Group-Gastroenterology-at-Alton
BJC Medical Group Internal Medicine at Belleville,https://www.bjcmedicalgroup.org/Find-a-Location/BJC-Medical-Group-Internal-Medicine-at-Belleville
BJC Medical Group Maternal-Fetal Medicine at Missouri Baptist Medical Center,https://www.bjcmedicalgroup.org/Find-a-Location/BJC-Medical-Group-Maternal-Fetal-Medicine-at-Missouri-Baptist-Medical-Center
BJC Medical Group Nephrology at Belleville,https://www.bjcmedicalgroup.org/Find-a-Location/BJC-Medical-Group-Nephrology-at-Belleville
BJC Medical Group Neurology Associates at Alton,https://www.bjcmedicalgroup.org/Find-a-Location/BJC-Medical-Group-Neurology-Associates-at-Alton
BJC Medical Group Neurology Associates at Missouri Baptist Medical Center,https://www.bjcmedicalgroup.org/Find-a-Location/BJC-Medical-Group-Neurology-Associates-at-Missouri-Baptist-Medical-Center
BJC Medical Group Neurology Associates at Progress West,https://www.bjcmedicalgroup.org/Find-a-Location/BJC-Medical-Group-Neurology-Associates-at-Progress-West
BJC Medical Group Neurology at Belleville - Suite 250,https://www.bjcmedicalgroup.org/Find-a-Location/BJC-Medical-Group-Neurology-at-Belleville-Suite-250
BJC Medical Group Orthopedics & Sports Medicine at Alton,https://www.bjcmedicalgroup.org/Find-a-Location/BJC-Medical-Group-Orthopedics-Sports-Medicine-at-Alton
BJC Medical Group Orthopedics & Sports Medicine at Belleville,https://www.bjcmedicalgroup.org/Find-a-Location/BJC-Medical-Group-Orthopedics-Sports-Medicine-at-Belleville
BJC Medical Group Palliative Care at Missouri Baptist Medical Center,https://www.bjcmedicalgroup.org/Find-a-Location/BJC-Medical-Group-Palliative-Care-at-Missouri-Baptist-Medical-Center
BJC Medical Group Primary Care - North County,https://www.bjcmedicalgroup.org/Find-a-Location/BJC-Medical-Group-Primary-Care-North-County
BJC Medical Group Primary Care at Ladue,https://www.bjcmedicalgroup.org/Find-a-Location/BJC-Medical-Group-Primary-Care-at-Ladue
BJC Medical Group Primary Care at Shiloh - Suite 210,https://www.bjcmedicalgroup.org/Find-a-Location/BJC-Medical-Group-Primary-Care-at-Shiloh-Suite-210
BJC Medical Group Primary Care at Shiloh - Suite 230,https://www.bjcmedicalgroup.org/Find-a-Location/BJC-Medical-Group-Primary-Care-at-Shiloh-Suite-230
BJC Medical Group Primary Care at Shiloh - Suite 250,https://www.bjcmedicalgroup.org/Find-a-Location/BJC-Medical-Group-Primary-Care-at-Shiloh-Suite-250
BJC Medical Group Psychology at O'Fallon,https://www.bjcmedicalgroup.org/Find-a-Location/BJC-Medical-Group-Psychology-at-OFallon
BJC Medical Group Sleep Medicine at Alton,https://www.bjcmedicalgroup.org/Find-a-Location/BJC-Medical-Group-Sleep-Medicine-at-Alton
BJC Medical Group Steelville Clinic,https://www.bjcmedicalgroup.org/Find-a-Location/BJC-Medical-Group-Steelville-Clinic
BJC Medical Group Sullivan Clinic,https://www.bjcmedicalgroup.org/Find-a-Location/BJC-Medical-Group-Sullivan-Clinic
BJC Medical Group Women’s Health Care - Suite 366,https://www.bjcmedicalgroup.org/Find-a-Location/BJC-Medical-Group-Womens-Health-Care-Suite-366
BJC Medical Group Women's Health Care - Suite 360,https://www.bjcmedicalgroup.org/Find-a-Location/BJC-Medical-Group-Womens-Health-Care-Suite-360
Family Care at Christian Hospital,https://www.bjcmedicalgroup.org/Find-a-Location/Family-Care-at-Christian-Hospital
Hand Surgery at Belleville,https://www.bjcmedicalgroup.org/Find-a-Location/Hand-Surgery-at-Belleville
Internal Medicine at Belleville - Lincoln Place Court,https://www.bjcmedicalgroup.org/Find-a-Location/Internal-Medicine-at-Belleville-Lincoln-Place-Court
Memorial Hospital Sleep Lab,https://www.bjcmedicalgroup.org/Find-a-Location/Memorial-Hospital-Sleep-Lab
MS Center for Innovations in Care,https://www.bjcmedicalgroup.org/Find-a-Location/MS-Center-for-Innovations-in-Care
Obstetrics/Gynecology at Belleville,https://www.bjcmedicalgroup.org/Find-a-Location/Obstetrics-Gynecology-at-Belleville
Obstetrics/Gynecology at Shiloh,https://www.bjcmedicalgroup.org/Find-a-Location/Obstetrics-Gynecology-at-Shiloh
Premier Infectious Disease Consultants,https://www.bjcmedicalgroup.org/Find-a-Location/Premier-Infectious-Disease-Consultants
Premier Infectious Disease Consultants - Alton,https://www.bjcmedicalgroup.org/Find-a-Location/Premier-Infectious-Disease-Consultants-Alton
Professionals in Women's Care,https://www.bjcmedicalgroup.org/Find-a-Location/Professionals-in-Womens-Care
Professionals in Women's Care - Sunset Hills,https://www.bjcmedicalgroup.org/Find-a-Location/Professionals-in-Womens-Care-Sunset-Hills
Rheumatology and Internal Medicine Associates,https://www.bjcmedicalgroup.org/Find-a-Location/Rheumatology-and-Internal-Medicine-Associates
Vascular and Vein Surgery at Belleville,https://www.bjcmedicalgroup.org/Find-a-Location/Vascular-and-Vein-Surgery-at-Belleville
West County Medical Associates,https://www.bjcmedicalgroup.org/Find-a-Location/West-County-Medical-Associates
West End OBGYN,https://www.bjcmedicalgroup.org/Find-a-Location/West-End-OBGYN
BJC Medical Group Orthopedics & Sports Medicine at Shiloh,https://www.bjcmedicalgroup.org/Find-a-Location/BJC-Medical-Group-Orthopedics-Sports-Medicine-at-Shiloh
BJC Medical Group Women's Care at Progress West,https://www.bjcmedicalgroup.org/Find-a-Location/BJC-Medical-Group-Womens-Health-Care-at-Progress-West
Arrhythmia Center - Sunset Hills,https://www.bjcmedicalgroup.org/Find-a-Location/Arrhythmia-Center-Sunset-Hills
BJC Medical Group Cardiology at Sunset Hills,https://www.bjcmedicalgroup.org/Find-a-Location/BJC-Medical-Group-Cardiology-at-Sunset-Hills
BJC Medical Group Convenient Care at O'Fallon,https://www.bjcmedicalgroup.org/Find-a-Location/BJC-Medical-Group-Convenient-Care-at-OFallon
BJC Medical Group Nephrology at Shiloh,https://www.bjcmedicalgroup.org/Find-a-Location/BJC-Medical-Group-Nephrology-at-Shiloh
BJC Medical Group Sleep Medicine at Edwardsville,https://www.bjcmedicalgroup.org/Find-a-Location/BJC-Medical-Group-Sleep-Medicine-at-Edwardsville
Internal Medicine Specialists,https://www.bjcmedicalgroup.org/Find-a-Location/Internal-Medicine-Specialists
BJC Medical Group General Surgery at Festus,https://www.bjcmedicalgroup.org/Find-a-Location/BJC-Medical-Group-General-Surgery-at-Festus
BJC Medical Group Infectious Disease at Belleville,https://www.bjcmedicalgroup.org/Find-a-Location/BJC-Medical-Group-Infectious-Disease-at-Belleville
BJC Medical Group Pain Management at Edwardsville,https://www.bjcmedicalgroup.org/Find-a-Location/BJC-Medical-Group-Pain-Management-at-Edwardsville
BJC Medical Group Neurology Associates at St. Peters,https://www.bjcmedicalgroup.org/Find-a-Location/BJC-Medical-Group-Neurology-Associates-at-St-Peters
BJC Medical Group Endocrinology at Progress West,https://www.bjcmedicalgroup.org/Find-a-Location/BJC-Medical-Group-Endocrinology-at-Progress-West
BJC Medical Group Primary Care and Sports Medicine at Edwardsville,https://www.bjcmedicalgroup.org/Find-a-Location/BJC-Medical-Group-Primary-Care-and-Sports-Medicine-at-Edwardsville
BJC Medical Group Cardiology at Chesterfield,https://www.bjcmedicalgroup.org/Find-a-Location/BJC-Medical-Group-Cardiology-at-Chesterfield
BJC Medical Group ENT Specialists at Chesterfield,https://www.bjcmedicalgroup.org/Find-a-Location/BJC-Medical-Group-ENT-Specialists-at-Chesterfield
BJC Medical Group Family Medicine at Belleville - 4700 Memorial,https://www.bjcmedicalgroup.org/Find-a-Location/BJC-Medical-Group-Family-Medicine-at-Belleville-4700-Memorial
BJC Medical Group Primary Care at Chesterfield,https://www.bjcmedicalgroup.org/Find-a-Location/BJC-Medical-Group-Primary-Care-at-Chesterfield
BJC Medical Group Women's Health Care at Chesterfield,https://www.bjcmedicalgroup.org/Find-a-Location/BJC-Medical-Group-Womens-Health-Care-at-Chesterfield
Rheumatology and Internal Medicine Associates at South County,https://www.bjcmedicalgroup.org/Find-a-Location/Rheumatology-and-Internal-Medicine-Associates-at-South-County
BJC Medical Group Midwifery at Ladue,https://www.bjcmedicalgroup.org/Find-a-Location/BJC-Medical-Group-Midwifery-at-Ladue
BJC Medical Group Gastroenterology at Christian at Northwest,https://www.bjcmedicalgroup.org/Find-a-Location/BJC-Medical-Group-Gastroenterology-at-Christian-at-Northwest
BJC Medical Group Primary Care at Alton,https://www.bjcmedicalgroup.org/Find-a-Location/BJC-Medical-Group-Primary-Care-at-Alton
BJC Medical Group at Progress West - Pediatrics,https://www.bjcmedicalgroup.org/Find-a-Location/BJC-Medical-Group-at-Progress-West-Pediatrics
BJC Medical Group Family Medicine at Chesterfield,https://www.bjcmedicalgroup.org/Find-a-Location/BJC-Medical-Group-Family-Medicine-at-Chesterfield
BJC Medical Group Orthopedics and Sports Medicine at Christian Hospital,https://www.bjcmedicalgroup.org/Find-a-Location/BJC-Medical-Group-Orthopedics-and-Sports-Medicine-at-Christian-Hospital
BJC Medical Group Orthopedics and Sports Medicine at Christian Hospital Northwest,https://www.bjcmedicalgroup.org/Find-a-Location/BJC-Medical-Group-Orthopedics-and-Sports-Medicine-at-Christian-Hospital-Northwest
OB/GYN Associates at Rock Hill,https://www.bjcmedicalgroup.org/Find-a-Location/OB-GYN-Associates-at-Rock-Hill
Advanced Wound Care Center,https://www.bjcmedicalgroup.org/Find-a-Location/Advanced-Wound-Care-Center
BJC Medical Group Gastroenterology at Belleville,https://www.bjcmedicalgroup.org/Find-a-Location/BJC-Medical-Group-Gastroenterology-at-Belleville
Medical Arts Specialists,https://www.bjcmedicalgroup.org/Find-a-Location/Medical-Arts-Specialists
Parkland Wound Care,https://www.bjcmedicalgroup.org/Find-a-Location/Parkland-Wound-Care
St. Louis Gastroenterology Consultants,https://www.bjcmedicalgroup.org/Find-a-Location/St-Louis-Gastroenterology-Consultants
BJC Medical Group Convenient Care at Chesterfield,https://www.bjcmedicalgroup.org/Find-a-Location/BJC-Medical-Group-Convenient-Care-at-Chesterfield
West End OB/GYN at Christian Hospital,https://www.bjcmedicalgroup.org/Find-a-Location/West-End-OB-GYN-at-Christian-Hospital
BJC Medical Group Convenient Care at Hazelwood,https://www.bjcmedicalgroup.org/Find-a-Location/BJC-Medical-Group-Convenient-Care-at-Hazelwood
BJC Medical Group Womens's Healthcare at Wentzville,https://www.bjcmedicalgroup.org/Find-a-Location/BJC-Medical-Group-Womenss-Healthcare-at-Wentzville
ENT at Belleville - Frank Scott Parkway,https://www.bjcmedicalgroup.org/Find-a-Location/ENT-at-Belleville-Frank-Scott-Parkway
BJC Medical Group Women's Health Care at Lake St. Louis,https://www.bjcmedicalgroup.org/Find-a-Location/BJC-Medical-Group-Womens-Health-Care-at-Lake-St-Louis
BJC Medical Group Rheumatology Associates at Missouri Baptist Medical Center,https://www.bjcmedicalgroup.org/Find-a-Location/BJC-Medical-Group-Rheumatology-Associates-at-Missouri-Baptist-Medical-Center
BJC Medical Group Rheumatology at St. Peters,https://www.bjcmedicalgroup.org/Find-a-Location/BJC-Medical-Group-Rheumatology-at-St-Peters
BJC Medical Group Family Medicine at Belleville- Suite 260,https://www.bjcmedicalgroup.org/Find-a-Location/BJC-Medical-Group-Family-Medicine-at-Belleville-Suite-260
Find a Doctor,https://doctors.bjc.org/wlp2/bjcmedicalgroup/doctors/search
About,https://www.bjcmedicalgroup.org/About
Careers,https://www.bjcmedicalgroup.org/Careers
Contact,https://www.bjcmedicalgroup.org/Contact
Virtual Care,https://www.bjc.org/virtual-care
Medical Records,https://www.bjcmedicalgroup.org/Medical-Records
,
Go,"javascript:__doPostBack('dnn$ucHeader$dnnSearchMobile$cmdSearch','')"
MyChart,https://www.bjc.org/MyChart
,/
Find a Location,https://www.bjcmedicalgroup.org/Find-a-Location
Alton OBGYN Associates at Edwardsville,https://www.bjcmedicalgroup.org/Find-a-Location/Alton-OBGYN-Associates-at-Edwardsville
BJC Medical Group Cardiology at Edwardsville,https://www.bjcmedicalgroup.org/Find-a-Location/BJC-Medical-Group-Cardiology-at-Edwardsville
BJC Medical Group Neurology Associates at St. Charles,https://www.bjcmedicalgroup.org/Find-a-Location/BJC-Medical-Group-Neurology-Associates-at-St-Charles
Metro Heart Group,https://www.bjcmedicalgroup.org/Find-a-Location/Metro-Heart-Group
BJC Medical Group Pulmonology at Shiloh,https://www.bjcmedicalgroup.org/Find-a-Location/BJC-Medical-Group-Pulmonology-at-Shiloh
BJC Medical Group Endocrinology of Edwardsville,https://www.bjcmedicalgroup.org/Find-a-Location/BJC-Medical-Group-Endocrinology-of-Edwardsville
BJC Medical Group Primary Care at Edwardsville,https://www.bjcmedicalgroup.org/Find-a-Location/BJC-Medical-Group-Primary-Care-at-Edwardsville
BJC Medical Group Healthcare Group for Women,https://www.bjcmedicalgroup.org/Find-a-Location/BJC-Medical-Group-Healthcare-Group-for-Women
BJC Medical Group ENT Specialists at Missouri Baptist,https://www.bjcmedicalgroup.org/Find-a-Location/BJC-Medical-Group-ENT-Specialists-at-Missouri-Baptist
Vascular and Vein Surgery at Edwardsville,https://www.bjcmedicalgroup.org/Find-a-Location/Vascular-and-Vein-Surgery-at-Edwardsville
BJC Medical Group Convenient Care at Swansea,https://www.bjcmedicalgroup.org/Find-a-Location/BJC-Medical-Group-Convenient-Care-at-Swansea
BJC Medical Group Gastroenterology at Christian Hospital,https://www.bjcmedicalgroup.org/Find-a-Location/BJC-Medical-Group-Gastroenterology-at-Christian-Hospital
BJC Medical Group Gastroenterology at Barnes Jewish St. Peters,https://www.bjcmedicalgroup.org/Find-a-Location/BJC-Medical-Group-Gastroenterology-at-Barnes-Jewish-St-Peters
BJC Medical Group Vein and Vascular at Shiloh,https://www.bjcmedicalgroup.org/Find-a-Location/BJC-Medical-Group-Vein-and-Vascular-at-Shiloh
BJC Medical Group Primary Care at South County,https://www.bjcmedicalgroup.org/Find-a-Location/BJC-Medical-Group-Primary-Care-at-South-County
BJC Medical Group at O'Fallon,https://www.bjcmedicalgroup.org/Find-a-Location/BJC-Medical-Group-at-OFallon
BJC Medical Group Family Medicine at Sunset Hills,https://www.bjcmedicalgroup.org/Find-a-Location/BJC-Medical-Group-Primary-Care-at-Sunset-Hills-deleted
BJC Medical Group Plastic Surgery at Belleville,https://www.bjcmedicalgroup.org/Find-a-Location/BJC-Medical-Group-Plastic-Surgery-at-Belleville
BJC Medical Group Primary Care Associates,https://www.bjcmedicalgroup.org/Find-a-Location/BJC-Medical-Group-Primary-Care-Associates
BJC Medical Group Pulmonary at Shiloh,https://www.bjcmedicalgroup.org/Find-a-Location/BJC-Medical-Group-Pulmonary-at-Shiloh
Midwest Neurology at Chester,https://www.bjcmedicalgroup.org/Find-a-Location/Midwest-Neurology-at-Chester
Midwest Neurology at Columbia,https://www.bjcmedicalgroup.org/Find-a-Location/Midwest-Neurology-at-Columbia
Central Medical Group at Barnes-Jewish Hospital,https://www.bjcmedicalgroup.org/Find-a-Location/Central-Medical-Group-at-Barnes-Jewish-Hospital
BJC Medical Group Pulmonary at Belleville,https://www.bjcmedicalgroup.org/Find-a-Location/BJC-Medical-Group-Pulmonary-at-Belleville
BJC Medical Group Convenient Care at Edwardsville,https://www.bjcmedicalgroup.org/Find-a-Location/BJC-Medical-Group-Convenient-Care-at-Edwardsville
BJC Medical Group Midwifery at South County,https://www.bjcmedicalgroup.org/Find-a-Location/BJC-Medical-Group-Midwifery-at-South-County
Rheumotology and Internal Medicine Associates at St. Peters,https://www.bjcmedicalgroup.org/Find-a-Location/Rheumotology-and-Internal-Medicine-Associates-at-St-Peters
Professionals in Women's Care - Creve Coeur,https://www.bjcmedicalgroup.org/Find-a-Location/Professionals-in-Womens-Care-Creve-Coeur
BJC Medical Group Cardiology at Festus,https://www.bjcmedicalgroup.org/Find-a-Location/BJC-Medical-Group-Cardiology-at-Festus
BJC Medical Group Sleep Medicine at Christian Hospital,https://www.bjcmedicalgroup.org/Find-a-Location/BJC-Medical-Group-Sleep-Medicine-at-Christian-Hospital
BJC Medical Group Neurology at Christian Hospital,https://www.bjcmedicalgroup.org/Find-a-Location/BJC-Medical-Group-Neurology-at-Christian-Hospital
Alton Memorial Convenient Care at Godfrey,https://www.bjcmedicalgroup.org/Find-a-Location/Alton-Memorial-Convenient-Care-at-Godfrey
Barnes West Medical Consultants,https://www.bjcmedicalgroup.org/Find-a-Location/Barnes-West-Medical-Consultants
BJC Medical Group Cardiology at Belleville,https://www.bjcmedicalgroup.org/Find-a-Location/BJC-Medical-Group-Cardiology-at-Belleville
BJC Medical Group Cardiology at Missouri Baptist Medical Center,https://www.bjcmedicalgroup.org/Find-a-Location/BJC-Medical-Group-Cardiology-at-Missouri-Baptist-Medical-Center
BJC Medical Group Cardiology at Sullivan,https://www.bjcmedicalgroup.org/Find-a-Location/BJC-Medical-Group-Cardiology-at-Sullivan
BJC Medical Group Convenient Care at Wentzville,https://www.bjcmedicalgroup.org/Find-a-Location/BJC-Medical-Group-Convenient-Care-at-Wentzville
"BJC Medical Group Family Medicine at O'Fallon, IL",https://www.bjcmedicalgroup.org/Find-a-Location/BJC-Medical-Group-Family-Medicine-at-OFallon-IL
BJC Medical Group Orthopedics & Sports Medicine at Edwardsville,https://www.bjcmedicalgroup.org/Find-a-Location/BJC-Medical-Group-Orthopedics-Sports-Medicine-at-Edwardsville
BJC Medical Group Primary Care at Barnes West,https://www.bjcmedicalgroup.org/Find-a-Location/BJC-Medical-Group-Primary-Care-at-Barnes-West
BJC Medical Group Primary Care at Missouri Baptist Medical Center,https://www.bjcmedicalgroup.org/Find-a-Location/BJC-Medical-Group-Primary-Care-at-Missouri-Baptist-Medical-Center
BJC Medical Group Specialists of North County - St. Louis,https://www.bjcmedicalgroup.org/Find-a-Location/BJC-Medical-Group-Specialists-of-North-County-St-Louis
BJC Medical Group Women's Health Care at Progress West,https://www.bjcmedicalgroup.org/Find-a-Location/BJC-Medical-Group-Womens-Health-Care-at-Progress-West
Central Medical Group at the Highlands,https://www.bjcmedicalgroup.org/Find-a-Location/Central-Medical-Group-at-the-Highlands
Memorial's Center for Advanced Wound Healing,https://www.bjcmedicalgroup.org/Find-a-Location/Memorials-Center-for-Advanced-Wound-Healing
OB/GYN Associates at Sunset Hills,https://www.bjcmedicalgroup.org/Find-a-Location/OB-GYN-Associates-at-Sunset-Hills
Sunset Hills Adult Medicine,https://www.bjcmedicalgroup.org/Find-a-Location/Sunset-Hills-Adult-Medicine
Wound Care - Sullivan,https://www.bjcmedicalgroup.org/Find-a-Location/Wound-Care-Sullivan
Sunset Hills Adult Medicine,https://www.bjcmedicalgroup.org/Find-a-Location/Sunset-Hills-Adult-Medicine
Alton Memorial Convenient Care at Godfrey,https://www.bjcmedicalgroup.org/Find-a-Location/Alton-Memorial-Convenient-Care-at-Godfrey
Barnes West Medical Consultants,https://www.bjcmedicalgroup.org/Find-a-Location/Barnes-West-Medical-Consultants
BJC Medical Group Cardiology at Belleville,https://www.bjcmedicalgroup.org/Find-a-Location/BJC-Medical-Group-Cardiology-at-Belleville
BJC Medical Group Cardiology at Missouri Baptist Medical Center,https://www.bjcmedicalgroup.org/Find-a-Location/BJC-Medical-Group-Cardiology-at-Missouri-Baptist-Medical-Center
BJC Medical Group Cardiology at Sullivan,https://www.bjcmedicalgroup.org/Find-a-Location/BJC-Medical-Group-Cardiology-at-Sullivan
BJC Medical Group Convenient Care at Wentzville,https://www.bjcmedicalgroup.org/Find-a-Location/BJC-Medical-Group-Convenient-Care-at-Wentzville
"BJC Medical Group Family Medicine at O'Fallon, IL",https://www.bjcmedicalgroup.org/Find-a-Location/BJC-Medical-Group-Family-Medicine-at-OFallon-IL
BJC Medical Group Orthopedics & Sports Medicine at Edwardsville,https://www.bjcmedicalgroup.org/Find-a-Location/BJC-Medical-Group-Orthopedics-Sports-Medicine-at-Edwardsville
BJC Medical Group Primary Care at Barnes West,https://www.bjcmedicalgroup.org/Find-a-Location/BJC-Medical-Group-Primary-Care-at-Barnes-West
BJC Medical Group Primary Care at Missouri Baptist Medical Center,https://www.bjcmedicalgroup.org/Find-a-Location/BJC-Medical-Group-Primary-Care-at-Missouri-Baptist-Medical-Center
BJC Medical Group Specialists of North County - St. Louis,https://www.bjcmedicalgroup.org/Find-a-Location/BJC-Medical-Group-Specialists-of-North-County-St-Louis
BJC Medical Group Women's Health Care at Progress West,https://www.bjcmedicalgroup.org/Find-a-Location/BJC-Medical-Group-Womens-Health-Care-at-Progress-West
Central Medical Group at the Highlands,https://www.bjcmedicalgroup.org/Find-a-Location/Central-Medical-Group-at-the-Highlands
Christian Hospital Orthopedics & Spine Surgeons,https://www.bjcmedicalgroup.org/Find-a-Location/Christian-Hospital-Orthopedics-Spine-Surgeons
Medical Arts Clinic,https://www.bjcmedicalgroup.org/Find-a-Location/Medical-Arts-Clinic
Medical Arts Convenient Care,https://www.bjcmedicalgroup.org/Find-a-Location/Medical-Arts-Convenient-Care
Memorial's Center for Advanced Wound Healing,https://www.bjcmedicalgroup.org/Find-a-Location/Memorials-Center-for-Advanced-Wound-Healing
OB/GYN Associates at Sunset Hills,https://www.bjcmedicalgroup.org/Find-a-Location/OB-GYN-Associates-at-Sunset-Hills
Sunset Hills Adult Medicine,https://www.bjcmedicalgroup.org/Find-a-Location/Sunset-Hills-Adult-Medicine
Wound Care - Sullivan,https://www.bjcmedicalgroup.org/Find-a-Location/Wound-Care-Sullivan
BJC Medical Group Pulmonary at Alton,https://www.bjcmedicalgroup.org/Find-a-Location/BJC-Medical-Group-Pulmonary-at-Alton
BJC Medical Group at South County,https://www.bjcmedicalgroup.org/Find-a-Location/BJC-Medical-Group-at-South-County
Alton Internal Medicine,https://www.bjcmedicalgroup.org/Find-a-Location/Alton-Internal-Medicine
Alton Memorial Convenient Care at Bethalto,https://www.bjcmedicalgroup.org/Find-a-Location/Alton-Memorial-Convenient-Care-at-Bethalto
Alton OBGYN Associates,https://www.bjcmedicalgroup.org/Find-a-Location/Alton-OBGYN-Associates
Alton Surgery,https://www.bjcmedicalgroup.org/Find-a-Location/Alton-Surgery
Alton Wound Care Center,https://www.bjcmedicalgroup.org/Find-a-Location/Alton-Wound-Care-Center
Arrhythmia Center,https://www.bjcmedicalgroup.org/Find-a-Location/Arrhythmia-Center
BJC ConciergeCare,https://www.bjcmedicalgroup.org/Find-a-Location/BJC-ConciergeCare
"BJC Medical Group at Columbia, IL",https://www.bjcmedicalgroup.org/Find-a-Location/BJC-Medical-Group-at-Columbia-IL
BJC Medical Group at Festus,https://www.bjcmedicalgroup.org/Find-a-Location/BJC-Medical-Group-at-Festus
BJC Medical Group at Hazelwood,https://www.bjcmedicalgroup.org/Find-a-Location/BJC-Medical-Group-at-Hazelwood
BJC Medical Group at Lake St. Louis,https://www.bjcmedicalgroup.org/Find-a-Location/BJC-Medical-Group-at-Lake-St-Louis
BJC Medical Group at Northwest HealthCare,https://www.bjcmedicalgroup.org/Find-a-Location/BJC-Medical-Group-at-Northwest-HealthCare
BJC Medical Group at Progress West - Primary Care,https://www.bjcmedicalgroup.org/Find-a-Location/BJC-Medical-Group-at-Progress-West-Primary-Care
BJC Medical Group at Progress West - Specialists,https://www.bjcmedicalgroup.org/Find-a-Location/BJC-Medical-Group-at-Progress-West-Specialists
BJC Medical Group at St. Peters,https://www.bjcmedicalgroup.org/Find-a-Location/BJC-Medical-Group-at-St-Peters
BJC Medical Group at the Highlands,https://www.bjcmedicalgroup.org/Find-a-Location/BJC-Medical-Group-at-the-Highlands
BJC Medical Group at Wentzville,https://www.bjcmedicalgroup.org/Find-a-Location/BJC-Medical-Group-at-Wentzville
BJC Medical Group Behavioral Health,https://www.bjcmedicalgroup.org/Find-a-Location/BJC-Medical-Group-Behavioral-Health
BJC Medical Group Bourbon Clinic,https://www.bjcmedicalgroup.org/Find-a-Location/BJC-Medical-Group-Bourbon-Clinic
BJC Medical Group Breast Care Consultants,https://www.bjcmedicalgroup.org/Find-a-Location/BJC-Medical-Group-Breast-Care-Consultants
BJC Medical Group Cardiology at Christian Hospital,https://www.bjcmedicalgroup.org/Find-a-Location/BJC-Medical-Group-Cardiology-at-Christian-Hospital
BJC Medical Group Cardiology at Maryville,https://www.bjcmedicalgroup.org/Find-a-Location/BJC-Medical-Group-Cardiology-at-Maryville
BJC Medical Group Cardiology at O'Fallon,https://www.bjcmedicalgroup.org/Find-a-Location/BJC-Medical-Group-Cardiology-at-OFallon
BJC Medical Group Cardiology at Parkland Health Center,https://www.bjcmedicalgroup.org/Find-a-Location/BJC-Medical-Group-Cardiology-at-Parkland-Health-Center
BJC Medical Group Cardiology at Salem,https://www.bjcmedicalgroup.org/Find-a-Location/BJC-Medical-Group-Cardiology-at-Salem
BJC Medical Group Cardiology at Shiloh,https://www.bjcmedicalgroup.org/Find-a-Location/BJC-Medical-Group-Cardiology-at-Shiloh
BJC Medical Group Cardiology at St. Peters,https://www.bjcmedicalgroup.org/Find-a-Location/BJC-Medical-Group-Cardiology-at-St-Peters
BJC Medical Group Center for Sleep Medicine,https://www.bjcmedicalgroup.org/Find-a-Location/BJC-Medical-Group-Center-for-Sleep-Medicine
BJC Medical Group Cuba Clinic,https://www.bjcmedicalgroup.org/Find-a-Location/BJC-Medical-Group-Cuba-Clinic
BJC Medical Group Diabetes and Endocrine Care of Alton,https://www.bjcmedicalgroup.org/Find-a-Location/BJC-Medical-Group-Diabetes-and-Endocrine-Care-of-Alton
BJC Medical Group ENT Specialists at Alton,https://www.bjcmedicalgroup.org/Find-a-Location/BJC-Medical-Group-ENT-Specialists-at-Alton
BJC Medical Group ENT Specialists at Missouri Baptist Medical Center,https://www.bjcmedicalgroup.org/Find-a-Location/BJC-Medical-Group-ENT-Specialists-at-Missouri-Baptist-Medical-Center
BJC Medical Group ENT Specialists of Sullivan,https://www.bjcmedicalgroup.org/Find-a-Location/BJC-Medical-Group-ENT-Specialists-of-Sullivan
BJC Medical Group ENT Specialists of Sunset Hills,https://www.bjcmedicalgroup.org/Find-a-Location/BJC-Medical-Group-ENT-Specialists-of-Sunset-Hills
BJC Medical Group Family Medicine at Belleville - 4600 Memorial,https://www.bjcmedicalgroup.org/Find-a-Location/BJC-Medical-Group-Family-Medicine-at-Belleville-4600-Memorial
BJC Medical Group Family Medicine at Collinsville,https://www.bjcmedicalgroup.org/Find-a-Location/BJC-Medical-Group-Family-Medicine-at-Collinsville
BJC Medical Group Family Medicine at Festus,https://www.bjcmedicalgroup.org/Find-a-Location/BJC-Medical-Group-Family-Medicine-at-Festus
BJC Medical Group Family Medicine at Smithton,https://www.bjcmedicalgroup.org/Find-a-Location/BJC-Medical-Group-Family-Medicine-at-Smithton
BJC Medical Group Family Physicians of Bethalto,https://www.bjcmedicalgroup.org/Find-a-Location/BJC-Medical-Group-Family-Physicians-of-Bethalto
BJC Medical Group Gastroenterology at Alton,https://www.bjcmedicalgroup.org/Find-a-Location/BJC-Medical-Group-Gastroenterology-at-Alton
BJC Medical Group Internal Medicine at Belleville,https://www.bjcmedicalgroup.org/Find-a-Location/BJC-Medical-Group-Internal-Medicine-at-Belleville
BJC Medical Group Maternal-Fetal Medicine at Missouri Baptist Medical Center,https://www.bjcmedicalgroup.org/Find-a-Location/BJC-Medical-Group-Maternal-Fetal-Medicine-at-Missouri-Baptist-Medical-Center
BJC Medical Group Nephrology at Belleville,https://www.bjcmedicalgroup.org/Find-a-Location/BJC-Medical-Group-Nephrology-at-Belleville
BJC Medical Group Neurology Associates at Alton,https://www.bjcmedicalgroup.org/Find-a-Location/BJC-Medical-Group-Neurology-Associates-at-Alton
BJC Medical Group Neurology Associates at Missouri Baptist Medical Center,https://www.bjcmedicalgroup.org/Find-a-Location/BJC-Medical-Group-Neurology-Associates-at-Missouri-Baptist-Medical-Center
BJC Medical Group Neurology Associates at Progress West,https://www.bjcmedicalgroup.org/Find-a-Location/BJC-Medical-Group-Neurology-Associates-at-Progress-West
BJC Medical Group Neurology at Belleville - Suite 250,https://www.bjcmedicalgroup.org/Find-a-Location/BJC-Medical-Group-Neurology-at-Belleville-Suite-250
BJC Medical Group Orthopedics & Sports Medicine at Alton,https://www.bjcmedicalgroup.org/Find-a-Location/BJC-Medical-Group-Orthopedics-Sports-Medicine-at-Alton
BJC Medical Group Orthopedics & Sports Medicine at Belleville,https://www.bjcmedicalgroup.org/Find-a-Location/BJC-Medical-Group-Orthopedics-Sports-Medicine-at-Belleville
BJC Medical Group Palliative Care at Missouri Baptist Medical Center,https://www.bjcmedicalgroup.org/Find-a-Location/BJC-Medical-Group-Palliative-Care-at-Missouri-Baptist-Medical-Center
BJC Medical Group Primary Care - North County,https://www.bjcmedicalgroup.org/Find-a-Location/BJC-Medical-Group-Primary-Care-North-County
BJC Medical Group Primary Care at Ladue,https://www.bjcmedicalgroup.org/Find-a-Location/BJC-Medical-Group-Primary-Care-at-Ladue
BJC Medical Group Primary Care at Shiloh - Suite 210,https://www.bjcmedicalgroup.org/Find-a-Location/BJC-Medical-Group-Primary-Care-at-Shiloh-Suite-210
BJC Medical Group Primary Care at Shiloh - Suite 230,https://www.bjcmedicalgroup.org/Find-a-Location/BJC-Medical-Group-Primary-Care-at-Shiloh-Suite-230
BJC Medical Group Primary Care at Shiloh - Suite 250,https://www.bjcmedicalgroup.org/Find-a-Location/BJC-Medical-Group-Primary-Care-at-Shiloh-Suite-250
BJC Medical Group Psychology at O'Fallon,https://www.bjcmedicalgroup.org/Find-a-Location/BJC-Medical-Group-Psychology-at-OFallon
BJC Medical Group Sleep Medicine at Alton,https://www.bjcmedicalgroup.org/Find-a-Location/BJC-Medical-Group-Sleep-Medicine-at-Alton
BJC Medical Group Steelville Clinic,https://www.bjcmedicalgroup.org/Find-a-Location/BJC-Medical-Group-Steelville-Clinic
BJC Medical Group Sullivan Clinic,https://www.bjcmedicalgroup.org/Find-a-Location/BJC-Medical-Group-Sullivan-Clinic
BJC Medical Group Women’s Health Care - Suite 366,https://www.bjcmedicalgroup.org/Find-a-Location/BJC-Medical-Group-Womens-Health-Care-Suite-366
BJC Medical Group Women's Health Care - Suite 360,https://www.bjcmedicalgroup.org/Find-a-Location/BJC-Medical-Group-Womens-Health-Care-Suite-360
Family Care at Christian Hospital,https://www.bjcmedicalgroup.org/Find-a-Location/Family-Care-at-Christian-Hospital
Hand Surgery at Belleville,https://www.bjcmedicalgroup.org/Find-a-Location/Hand-Surgery-at-Belleville
Internal Medicine at Belleville - Lincoln Place Court,https://www.bjcmedicalgroup.org/Find-a-Location/Internal-Medicine-at-Belleville-Lincoln-Place-Court
Memorial Hospital Sleep Lab,https://www.bjcmedicalgroup.org/Find-a-Location/Memorial-Hospital-Sleep-Lab
MS Center for Innovations in Care,https://www.bjcmedicalgroup.org/Find-a-Location/MS-Center-for-Innovations-in-Care
Obstetrics/Gynecology at Belleville,https://www.bjcmedicalgroup.org/Find-a-Location/Obstetrics-Gynecology-at-Belleville
Obstetrics/Gynecology at Shiloh,https://www.bjcmedicalgroup.org/Find-a-Location/Obstetrics-Gynecology-at-Shiloh
Premier Infectious Disease Consultants,https://www.bjcmedicalgroup.org/Find-a-Location/Premier-Infectious-Disease-Consultants
Premier Infectious Disease Consultants - Alton,https://www.bjcmedicalgroup.org/Find-a-Location/Premier-Infectious-Disease-Consultants-Alton
Professionals in Women's Care,https://www.bjcmedicalgroup.org/Find-a-Location/Professionals-in-Womens-Care
Professionals in Women's Care - Sunset Hills,https://www.bjcmedicalgroup.org/Find-a-Location/Professionals-in-Womens-Care-Sunset-Hills
Rheumatology and Internal Medicine Associates,https://www.bjcmedicalgroup.org/Find-a-Location/Rheumatology-and-Internal-Medicine-Associates
Vascular and Vein Surgery at Belleville,https://www.bjcmedicalgroup.org/Find-a-Location/Vascular-and-Vein-Surgery-at-Belleville
West County Medical Associates,https://www.bjcmedicalgroup.org/Find-a-Location/West-County-Medical-Associates
West End OBGYN,https://www.bjcmedicalgroup.org/Find-a-Location/West-End-OBGYN
BJC Medical Group Orthopedics & Sports Medicine at Shiloh,https://www.bjcmedicalgroup.org/Find-a-Location/BJC-Medical-Group-Orthopedics-Sports-Medicine-at-Shiloh
BJC Medical Group Women's Care at Progress West,https://www.bjcmedicalgroup.org/Find-a-Location/BJC-Medical-Group-Womens-Health-Care-at-Progress-West
Arrhythmia Center - Sunset Hills,https://www.bjcmedicalgroup.org/Find-a-Location/Arrhythmia-Center-Sunset-Hills
BJC Medical Group Cardiology at Sunset Hills,https://www.bjcmedicalgroup.org/Find-a-Location/BJC-Medical-Group-Cardiology-at-Sunset-Hills
BJC Medical Group Convenient Care at O'Fallon,https://www.bjcmedicalgroup.org/Find-a-Location/BJC-Medical-Group-Convenient-Care-at-OFallon
BJC Medical Group Nephrology at Shiloh,https://www.bjcmedicalgroup.org/Find-a-Location/BJC-Medical-Group-Nephrology-at-Shiloh
BJC Medical Group Sleep Medicine at Edwardsville,https://www.bjcmedicalgroup.org/Find-a-Location/BJC-Medical-Group-Sleep-Medicine-at-Edwardsville
Internal Medicine Specialists,https://www.bjcmedicalgroup.org/Find-a-Location/Internal-Medicine-Specialists
BJC Medical Group General Surgery at Festus,https://www.bjcmedicalgroup.org/Find-a-Location/BJC-Medical-Group-General-Surgery-at-Festus
BJC Medical Group Infectious Disease at Belleville,https://www.bjcmedicalgroup.org/Find-a-Location/BJC-Medical-Group-Infectious-Disease-at-Belleville
BJC Medical Group Pain Management at Edwardsville,https://www.bjcmedicalgroup.org/Find-a-Location/BJC-Medical-Group-Pain-Management-at-Edwardsville
BJC Medical Group Neurology Associates at St. Peters,https://www.bjcmedicalgroup.org/Find-a-Location/BJC-Medical-Group-Neurology-Associates-at-St-Peters
BJC Medical Group Endocrinology at Progress West,https://www.bjcmedicalgroup.org/Find-a-Location/BJC-Medical-Group-Endocrinology-at-Progress-West
BJC Medical Group Primary Care and Sports Medicine at Edwardsville,https://www.bjcmedicalgroup.org/Find-a-Location/BJC-Medical-Group-Primary-Care-and-Sports-Medicine-at-Edwardsville
BJC Medical Group Cardiology at Chesterfield,https://www.bjcmedicalgroup.org/Find-a-Location/BJC-Medical-Group-Cardiology-at-Chesterfield
BJC Medical Group ENT Specialists at Chesterfield,https://www.bjcmedicalgroup.org/Find-a-Location/BJC-Medical-Group-ENT-Specialists-at-Chesterfield
BJC Medical Group Family Medicine at Belleville - 4700 Memorial,https://www.bjcmedicalgroup.org/Find-a-Location/BJC-Medical-Group-Family-Medicine-at-Belleville-4700-Memorial
BJC Medical Group Primary Care at Chesterfield,https://www.bjcmedicalgroup.org/Find-a-Location/BJC-Medical-Group-Primary-Care-at-Chesterfield
BJC Medical Group Women's Health Care at Chesterfield,https://www.bjcmedicalgroup.org/Find-a-Location/BJC-Medical-Group-Womens-Health-Care-at-Chesterfield
Rheumatology and Internal Medicine Associates at South County,https://www.bjcmedicalgroup.org/Find-a-Location/Rheumatology-and-Internal-Medicine-Associates-at-South-County
BJC Medical Group Midwifery at Ladue,https://www.bjcmedicalgroup.org/Find-a-Location/BJC-Medical-Group-Midwifery-at-Ladue
BJC Medical Group Gastroenterology at Christian at Northwest,https://www.bjcmedicalgroup.org/Find-a-Location/BJC-Medical-Group-Gastroenterology-at-Christian-at-Northwest
BJC Medical Group Primary Care at Alton,https://www.bjcmedicalgroup.org/Find-a-Location/BJC-Medical-Group-Primary-Care-at-Alton
BJC Medical Group at Progress West - Pediatrics,https://www.bjcmedicalgroup.org/Find-a-Location/BJC-Medical-Group-at-Progress-West-Pediatrics
BJC Medical Group Family Medicine at Chesterfield,https://www.bjcmedicalgroup.org/Find-a-Location/BJC-Medical-Group-Family-Medicine-at-Chesterfield
BJC Medical Group Orthopedics and Sports Medicine at Christian Hospital,https://www.bjcmedicalgroup.org/Find-a-Location/BJC-Medical-Group-Orthopedics-and-Sports-Medicine-at-Christian-Hospital
BJC Medical Group Orthopedics and Sports Medicine at Christian Hospital Northwest,https://www.bjcmedicalgroup.org/Find-a-Location/BJC-Medical-Group-Orthopedics-and-Sports-Medicine-at-Christian-Hospital-Northwest
OB/GYN Associates at Rock Hill,https://www.bjcmedicalgroup.org/Find-a-Location/OB-GYN-Associates-at-Rock-Hill
Advanced Wound Care Center,https://www.bjcmedicalgroup.org/Find-a-Location/Advanced-Wound-Care-Center
BJC Medical Group Gastroenterology at Belleville,https://www.bjcmedicalgroup.org/Find-a-Location/BJC-Medical-Group-Gastroenterology-at-Belleville
Medical Arts Specialists,https://www.bjcmedicalgroup.org/Find-a-Location/Medical-Arts-Specialists
Parkland Wound Care,https://www.bjcmedicalgroup.org/Find-a-Location/Parkland-Wound-Care
St. Louis Gastroenterology Consultants,https://www.bjcmedicalgroup.org/Find-a-Location/St-Louis-Gastroenterology-Consultants
BJC Medical Group Convenient Care at Chesterfield,https://www.bjcmedicalgroup.org/Find-a-Location/BJC-Medical-Group-Convenient-Care-at-Chesterfield
West End OB/GYN at Christian Hospital,https://www.bjcmedicalgroup.org/Find-a-Location/West-End-OB-GYN-at-Christian-Hospital
BJC Medical Group Convenient Care at Hazelwood,https://www.bjcmedicalgroup.org/Find-a-Location/BJC-Medical-Group-Convenient-Care-at-Hazelwood
BJC Medical Group Womens's Healthcare at Wentzville,https://www.bjcmedicalgroup.org/Find-a-Location/BJC-Medical-Group-Womenss-Healthcare-at-Wentzville
ENT at Belleville - Frank Scott Parkway,https://www.bjcmedicalgroup.org/Find-a-Location/ENT-at-Belleville-Frank-Scott-Parkway
BJC Medical Group Women's Health Care at Lake St. Louis,https://www.bjcmedicalgroup.org/Find-a-Location/BJC-Medical-Group-Womens-Health-Care-at-Lake-St-Louis
BJC Medical Group Rheumatology Associates at Missouri Baptist Medical Center,https://www.bjcmedicalgroup.org/Find-a-Location/BJC-Medical-Group-Rheumatology-Associates-at-Missouri-Baptist-Medical-Center
BJC Medical Group Rheumatology at St. Peters,https://www.bjcmedicalgroup.org/Find-a-Location/BJC-Medical-Group-Rheumatology-at-St-Peters
BJC Medical Group Family Medicine at Belleville- Suite 260,https://www.bjcmedicalgroup.org/Find-a-Location/BJC-Medical-Group-Family-Medicine-at-Belleville-Suite-260
Find a Doctor,https://doctors.bjc.org/wlp2/bjcmedicalgroup/doctors/search
About,https://www.bjcmedicalgroup.org/About
Careers,https://www.bjcmedicalgroup.org/Careers
Contact,https://www.bjcmedicalgroup.org/Contact
Virtual Care,https://www.bjc.org/virtual-care
Medical Records,https://www.bjcmedicalgroup.org/Medical-Records
,
,
Find a Location,https://www.bjcmedicalgroup.org/Find-a-Location
......Alton OBGYN Associates at Edwardsville,https://www.bjcmedicalgroup.org/Find-a-Location/Alton-OBGYN-Associates-at-Edwardsville
......BJC Medical Group Cardiology at Edwardsville,https://www.bjcmedicalgroup.org/Find-a-Location/BJC-Medical-Group-Cardiology-at-Edwardsville
......BJC Medical Group Neurology Associates at St.. Charles,https://www.bjcmedicalgroup.org/Find-a-Location/BJC-Medical-Group-Neurology-Associates-at-St-Charles
......Metro Heart Group,https://www.bjcmedicalgroup.org/Find-a-Location/Metro-Heart-Group
......BJC Medical Group Pulmonology at Shiloh,https://www.bjcmedicalgroup.org/Find-a-Location/BJC-Medical-Group-Pulmonology-at-Shiloh
......BJC Medical Group Endocrinology of Edwardsville,https://www.bjcmedicalgroup.org/Find-a-Location/BJC-Medical-Group-Endocrinology-of-Edwardsville
......BJC Medical Group Primary Care at Edwardsville,https://www.bjcmedicalgroup.org/Find-a-Location/BJC-Medical-Group-Primary-Care-at-Edwardsville
......BJC Medical Group Healthcare Group for Women,https://www.bjcmedicalgroup.org/Find-a-Location/BJC-Medical-Group-Healthcare-Group-for-Women
......BJC Medical Group ENT Specialists at Missouri Baptist,https://www.bjcmedicalgroup.org/Find-a-Location/BJC-Medical-Group-ENT-Specialists-at-Missouri-Baptist
......Vascular and Vein Surgery at Edwardsville,https://www.bjcmedicalgroup.org/Find-a-Location/Vascular-and-Vein-Surgery-at-Edwardsville
......BJC Medical Group Convenient Care at Swansea,https://www.bjcmedicalgroup.org/Find-a-Location/BJC-Medical-Group-Convenient-Care-at-Swansea
......BJC Medical Group Gastroenterology at Christian Hospital,https://www.bjcmedicalgroup.org/Find-a-Location/BJC-Medical-Group-Gastroenterology-at-Christian-Hospital
......BJC Medical Group Gastroenterology at Barnes Jewish St.. Peters,https://www.bjcmedicalgroup.org/Find-a-Location/BJC-Medical-Group-Gastroenterology-at-Barnes-Jewish-St-Peters
......BJC Medical Group Vein and Vascular at Shiloh,https://www.bjcmedicalgroup.org/Find-a-Location/BJC-Medical-Group-Vein-and-Vascular-at-Shiloh
......BJC Medical Group Primary Care at South County,https://www.bjcmedicalgroup.org/Find-a-Location/BJC-Medical-Group-Primary-Care-at-South-County
......BJC Medical Group at O'Fallon,https://www.bjcmedicalgroup.org/Find-a-Location/BJC-Medical-Group-at-OFallon
......BJC Medical Group Family Medicine at Sunset Hills,https://www.bjcmedicalgroup.org/Find-a-Location/BJC-Medical-Group-Primary-Care-at-Sunset-Hills-deleted
......BJC Medical Group Plastic Surgery at Belleville,https://www.bjcmedicalgroup.org/Find-a-Location/BJC-Medical-Group-Plastic-Surgery-at-Belleville
......BJC Medical Group Primary Care Associates,https://www.bjcmedicalgroup.org/Find-a-Location/BJC-Medical-Group-Primary-Care-Associates
......BJC Medical Group Pulmonary at Shiloh,https://www.bjcmedicalgroup.org/Find-a-Location/BJC-Medical-Group-Pulmonary-at-Shiloh
......Midwest Neurology at Chester,https://www.bjcmedicalgroup.org/Find-a-Location/Midwest-Neurology-at-Chester
......Midwest Neurology at Columbia,https://www.bjcmedicalgroup.org/Find-a-Location/Midwest-Neurology-at-Columbia
......Central Medical Group at Barnes-Jewish Hospital,https://www.bjcmedicalgroup.org/Find-a-Location/Central-Medical-Group-at-Barnes-Jewish-Hospital
......BJC Medical Group Pulmonary at Belleville,https://www.bjcmedicalgroup.org/Find-a-Location/BJC-Medical-Group-Pulmonary-at-Belleville
......BJC Medical Group Convenient Care at Edwardsville,https://www.bjcmedicalgroup.org/Find-a-Location/BJC-Medical-Group-Convenient-Care-at-Edwardsville
......BJC Medical Group Midwifery at South County,https://www.bjcmedicalgroup.org/Find-a-Location/BJC-Medical-Group-Midwifery-at-South-County
......Rheumotology and Internal Medicine Associates at St.. Peters,https://www.bjcmedicalgroup.org/Find-a-Location/Rheumotology-and-Internal-Medicine-Associates-at-St-Peters
......Professionals in Women's Care - Creve Coeur,https://www.bjcmedicalgroup.org/Find-a-Location/Professionals-in-Womens-Care-Creve-Coeur
......BJC Medical Group Cardiology at Festus,https://www.bjcmedicalgroup.org/Find-a-Location/BJC-Medical-Group-Cardiology-at-Festus
......BJC Medical Group Sleep Medicine at Christian Hospital,https://www.bjcmedicalgroup.org/Find-a-Location/BJC-Medical-Group-Sleep-Medicine-at-Christian-Hospital
......BJC Medical Group Neurology at Christian Hospital,https://www.bjcmedicalgroup.org/Find-a-Location/BJC-Medical-Group-Neurology-at-Christian-Hospital
......Alton Memorial Convenient Care at Godfrey,https://www.bjcmedicalgroup.org/Find-a-Location/Alton-Memorial-Convenient-Care-at-Godfrey
......Barnes West Medical Consultants,https://www.bjcmedicalgroup.org/Find-a-Location/Barnes-West-Medical-Consultants
......BJC Medical Group Cardiology at Belleville,https://www.bjcmedicalgroup.org/Find-a-Location/BJC-Medical-Group-Cardiology-at-Belleville
......BJC Medical Group Cardiology at Missouri Baptist Medical Center,https://www.bjcmedicalgroup.org/Find-a-Location/BJC-Medical-Group-Cardiology-at-Missouri-Baptist-Medical-Center
......BJC Medical Group Cardiology at Sullivan,https://www.bjcmedicalgroup.org/Find-a-Location/BJC-Medical-Group-Cardiology-at-Sullivan
......BJC Medical Group Convenient Care at Wentzville,https://www.bjcmedicalgroup.org/Find-a-Location/BJC-Medical-Group-Convenient-Care-at-Wentzville
"......BJC Medical Group Family Medicine at O'Fallon, IL",https://www.bjcmedicalgroup.org/Find-a-Location/BJC-Medical-Group-Family-Medicine-at-OFallon-IL
......BJC Medical Group Orthopedics & Sports Medicine at Edwardsville,https://www.bjcmedicalgroup.org/Find-a-Location/BJC-Medical-Group-Orthopedics-Sports-Medicine-at-Edwardsville
......BJC Medical Group Primary Care at Barnes West,https://www.bjcmedicalgroup.org/Find-a-Location/BJC-Medical-Group-Primary-Care-at-Barnes-West
......BJC Medical Group Primary Care at Missouri Baptist Medical Center,https://www.bjcmedicalgroup.org/Find-a-Location/BJC-Medical-Group-Primary-Care-at-Missouri-Baptist-Medical-Center
......BJC Medical Group Specialists of North County - St.. Louis,https://www.bjcmedicalgroup.org/Find-a-Location/BJC-Medical-Group-Specialists-of-North-County-St-Louis
......BJC Medical Group Women's Health Care at Progress West,https://www.bjcmedicalgroup.org/Find-a-Location/BJC-Medical-Group-Womens-Health-Care-at-Progress-West
......Central Medical Group at the Highlands,https://www.bjcmedicalgroup.org/Find-a-Location/Central-Medical-Group-at-the-Highlands
......Memorial's Center for Advanced Wound Healing,https://www.bjcmedicalgroup.org/Find-a-Location/Memorials-Center-for-Advanced-Wound-Healing
......OB/GYN Associates at Sunset Hills,https://www.bjcmedicalgroup.org/Find-a-Location/OB-GYN-Associates-at-Sunset-Hills
......Sunset Hills Adult Medicine,https://www.bjcmedicalgroup.org/Find-a-Location/Sunset-Hills-Adult-Medicine
......Wound Care - Sullivan,https://www.bjcmedicalgroup.org/Find-a-Location/Wound-Care-Sullivan
......Sunset Hills Adult Medicine,https://www.bjcmedicalgroup.org/Find-a-Location/Sunset-Hills-Adult-Medicine
......Alton Memorial Convenient Care at Godfrey,https://www.bjcmedicalgroup.org/Find-a-Location/Alton-Memorial-Convenient-Care-at-Godfrey
......Barnes West Medical Consultants,https://www.bjcmedicalgroup.org/Find-a-Location/Barnes-West-Medical-Consultants
......BJC Medical Group Cardiology at Belleville,https://www.bjcmedicalgroup.org/Find-a-Location/BJC-Medical-Group-Cardiology-at-Belleville
......BJC Medical Group Cardiology at Missouri Baptist Medical Center,https://www.bjcmedicalgroup.org/Find-a-Location/BJC-Medical-Group-Cardiology-at-Missouri-Baptist-Medical-Center
......BJC Medical Group Cardiology at Sullivan,https://www.bjcmedicalgroup.org/Find-a-Location/BJC-Medical-Group-Cardiology-at-Sullivan
......BJC Medical Group Convenient Care at Wentzville,https://www.bjcmedicalgroup.org/Find-a-Location/BJC-Medical-Group-Convenient-Care-at-Wentzville
"......BJC Medical Group Family Medicine at O'Fallon, IL",https://www.bjcmedicalgroup.org/Find-a-Location/BJC-Medical-Group-Family-Medicine-at-OFallon-IL
......BJC Medical Group Orthopedics & Sports Medicine at Edwardsville,https://www.bjcmedicalgroup.org/Find-a-Location/BJC-Medical-Group-Orthopedics-Sports-Medicine-at-Edwardsville
......BJC Medical Group Primary Care at Barnes West,https://www.bjcmedicalgroup.org/Find-a-Location/BJC-Medical-Group-Primary-Care-at-Barnes-West
......BJC Medical Group Primary Care at Missouri Baptist Medical Center,https://www.bjcmedicalgroup.org/Find-a-Location/BJC-Medical-Group-Primary-Care-at-Missouri-Baptist-Medical-Center
......BJC Medical Group Specialists of North County - St.. Louis,https://www.bjcmedicalgroup.org/Find-a-Location/BJC-Medical-Group-Specialists-of-North-County-St-Louis
......BJC Medical Group Women's Health Care at Progress West,https://www.bjcmedicalgroup.org/Find-a-Location/BJC-Medical-Group-Womens-Health-Care-at-Progress-West
......Central Medical Group at the Highlands,https://www.bjcmedicalgroup.org/Find-a-Location/Central-Medical-Group-at-the-Highlands
......Christian Hospital Orthopedics & Spine Surgeons,https://www.bjcmedicalgroup.org/Find-a-Location/Christian-Hospital-Orthopedics-Spine-Surgeons
......Medical Arts Clinic,https://www.bjcmedicalgroup.org/Find-a-Location/Medical-Arts-Clinic
......Medical Arts Convenient Care,https://www.bjcmedicalgroup.org/Find-a-Location/Medical-Arts-Convenient-Care
......Memorial's Center for Advanced Wound Healing,https://www.bjcmedicalgroup.org/Find-a-Location/Memorials-Center-for-Advanced-Wound-Healing
......OB/GYN Associates at Sunset Hills,https://www.bjcmedicalgroup.org/Find-a-Location/OB-GYN-Associates-at-Sunset-Hills
......Sunset Hills Adult Medicine,https://www.bjcmedicalgroup.org/Find-a-Location/Sunset-Hills-Adult-Medicine
......Wound Care - Sullivan,https://www.bjcmedicalgroup.org/Find-a-Location/Wound-Care-Sullivan
......BJC Medical Group Pulmonary at Alton,https://www.bjcmedicalgroup.org/Find-a-Location/BJC-Medical-Group-Pulmonary-at-Alton
......BJC Medical Group at South County,https://www.bjcmedicalgroup.org/Find-a-Location/BJC-Medical-Group-at-South-County
......Alton Internal Medicine,https://www.bjcmedicalgroup.org/Find-a-Location/Alton-Internal-Medicine
......Alton Memorial Convenient Care at Bethalto,https://www.bjcmedicalgroup.org/Find-a-Location/Alton-Memorial-Convenient-Care-at-Bethalto
......Alton OBGYN Associates,https://www.bjcmedicalgroup.org/Find-a-Location/Alton-OBGYN-Associates
......Alton Surgery,https://www.bjcmedicalgroup.org/Find-a-Location/Alton-Surgery
......Alton Wound Care Center,https://www.bjcmedicalgroup.org/Find-a-Location/Alton-Wound-Care-Center
......Arrhythmia Center,https://www.bjcmedicalgroup.org/Find-a-Location/Arrhythmia-Center
......BJC ConciergeCare,https://www.bjcmedicalgroup.org/Find-a-Location/BJC-ConciergeCare
"......BJC Medical Group at Columbia, IL",https://www.bjcmedicalgroup.org/Find-a-Location/BJC-Medical-Group-at-Columbia-IL
......BJC Medical Group at Festus,https://www.bjcmedicalgroup.org/Find-a-Location/BJC-Medical-Group-at-Festus
......BJC Medical Group at Hazelwood,https://www.bjcmedicalgroup.org/Find-a-Location/BJC-Medical-Group-at-Hazelwood
......BJC Medical Group at Lake St.. Louis,https://www.bjcmedicalgroup.org/Find-a-Location/BJC-Medical-Group-at-Lake-St-Louis
......BJC Medical Group at Northwest HealthCare,https://www.bjcmedicalgroup.org/Find-a-Location/BJC-Medical-Group-at-Northwest-HealthCare
......BJC Medical Group at Progress West - Primary Care,https://www.bjcmedicalgroup.org/Find-a-Location/BJC-Medical-Group-at-Progress-West-Primary-Care
......BJC Medical Group at Progress West - Specialists,https://www.bjcmedicalgroup.org/Find-a-Location/BJC-Medical-Group-at-Progress-West-Specialists
......BJC Medical Group at St.. Peters,https://www.bjcmedicalgroup.org/Find-a-Location/BJC-Medical-Group-at-St-Peters
......BJC Medical Group at the Highlands,https://www.bjcmedicalgroup.org/Find-a-Location/BJC-Medical-Group-at-the-Highlands
......BJC Medical Group at Wentzville,https://www.bjcmedicalgroup.org/Find-a-Location/BJC-Medical-Group-at-Wentzville
......BJC Medical Group Behavioral Health,https://www.bjcmedicalgroup.org/Find-a-Location/BJC-Medical-Group-Behavioral-Health
......BJC Medical Group Bourbon Clinic,https://www.bjcmedicalgroup.org/Find-a-Location/BJC-Medical-Group-Bourbon-Clinic
......BJC Medical Group Breast Care Consultants,https://www.bjcmedicalgroup.org/Find-a-Location/BJC-Medical-Group-Breast-Care-Consultants
......BJC Medical Group Cardiology at Christian Hospital,https://www.bjcmedicalgroup.org/Find-a-Location/BJC-Medical-Group-Cardiology-at-Christian-Hospital
......BJC Medical Group Cardiology at Maryville,https://www.bjcmedicalgroup.org/Find-a-Location/BJC-Medical-Group-Cardiology-at-Maryville
......BJC Medical Group Cardiology at O'Fallon,https://www.bjcmedicalgroup.org/Find-a-Location/BJC-Medical-Group-Cardiology-at-OFallon
......BJC Medical Group Cardiology at Parkland Health Center,https://www.bjcmedicalgroup.org/Find-a-Location/BJC-Medical-Group-Cardiology-at-Parkland-Health-Center
......BJC Medical Group Cardiology at Salem,https://www.bjcmedicalgroup.org/Find-a-Location/BJC-Medical-Group-Cardiology-at-Salem
......BJC Medical Group Cardiology at Shiloh,https://www.bjcmedicalgroup.org/Find-a-Location/BJC-Medical-Group-Cardiology-at-Shiloh
......BJC Medical Group Cardiology at St.. Peters,https://www.bjcmedicalgroup.org/Find-a-Location/BJC-Medical-Group-Cardiology-at-St-Peters
......BJC Medical Group Center for Sleep Medicine,https://www.bjcmedicalgroup.org/Find-a-Location/BJC-Medical-Group-Center-for-Sleep-Medicine
......BJC Medical Group Cuba Clinic,https://www.bjcmedicalgroup.org/Find-a-Location/BJC-Medical-Group-Cuba-Clinic
......BJC Medical Group Diabetes and Endocrine Care of Alton,https://www.bjcmedicalgroup.org/Find-a-Location/BJC-Medical-Group-Diabetes-and-Endocrine-Care-of-Alton
......BJC Medical Group ENT Specialists at Alton,https://www.bjcmedicalgroup.org/Find-a-Location/BJC-Medical-Group-ENT-Specialists-at-Alton
......BJC Medical Group ENT Specialists at Missouri Baptist Medical Center,https://www.bjcmedicalgroup.org/Find-a-Location/BJC-Medical-Group-ENT-Specialists-at-Missouri-Baptist-Medical-Center
......BJC Medical Group ENT Specialists of Sullivan,https://www.bjcmedicalgroup.org/Find-a-Location/BJC-Medical-Group-ENT-Specialists-of-Sullivan
......BJC Medical Group ENT Specialists of Sunset Hills,https://www.bjcmedicalgroup.org/Find-a-Location/BJC-Medical-Group-ENT-Specialists-of-Sunset-Hills
......BJC Medical Group Family Medicine at Belleville - 4600 Memorial,https://www.bjcmedicalgroup.org/Find-a-Location/BJC-Medical-Group-Family-Medicine-at-Belleville-4600-Memorial
......BJC Medical Group Family Medicine at Collinsville,https://www.bjcmedicalgroup.org/Find-a-Location/BJC-Medical-Group-Family-Medicine-at-Collinsville
......BJC Medical Group Family Medicine at Festus,https://www.bjcmedicalgroup.org/Find-a-Location/BJC-Medical-Group-Family-Medicine-at-Festus
......BJC Medical Group Family Medicine at Smithton,https://www.bjcmedicalgroup.org/Find-a-Location/BJC-Medical-Group-Family-Medicine-at-Smithton
......BJC Medical Group Family Physicians of Bethalto,https://www.bjcmedicalgroup.org/Find-a-Location/BJC-Medical-Group-Family-Physicians-of-Bethalto
......BJC Medical Group Gastroenterology at Alton,https://www.bjcmedicalgroup.org/Find-a-Location/BJC-Medical-Group-Gastroenterology-at-Alton
......BJC Medical Group Internal Medicine at Belleville,https://www.bjcmedicalgroup.org/Find-a-Location/BJC-Medical-Group-Internal-Medicine-at-Belleville
......BJC Medical Group Maternal-Fetal Medicine at Missouri Baptist Medical Center,https://www.bjcmedicalgroup.org/Find-a-Location/BJC-Medical-Group-Maternal-Fetal-Medicine-at-Missouri-Baptist-Medical-Center
......BJC Medical Group Nephrology at Belleville,https://www.bjcmedicalgroup.org/Find-a-Location/BJC-Medical-Group-Nephrology-at-Belleville
......BJC Medical Group Neurology Associates at Alton,https://www.bjcmedicalgroup.org/Find-a-Location/BJC-Medical-Group-Neurology-Associates-at-Alton
......BJC Medical Group Neurology Associates at Missouri Baptist Medical Center,https://www.bjcmedicalgroup.org/Find-a-Location/BJC-Medical-Group-Neurology-Associates-at-Missouri-Baptist-Medical-Center
......BJC Medical Group Neurology Associates at Progress West,https://www.bjcmedicalgroup.org/Find-a-Location/BJC-Medical-Group-Neurology-Associates-at-Progress-West
......BJC Medical Group Neurology at Belleville - Suite 250,https://www.bjcmedicalgroup.org/Find-a-Location/BJC-Medical-Group-Neurology-at-Belleville-Suite-250
......BJC Medical Group Orthopedics & Sports Medicine at Alton,https://www.bjcmedicalgroup.org/Find-a-Location/BJC-Medical-Group-Orthopedics-Sports-Medicine-at-Alton
......BJC Medical Group Orthopedics & Sports Medicine at Belleville,https://www.bjcmedicalgroup.org/Find-a-Location/BJC-Medical-Group-Orthopedics-Sports-Medicine-at-Belleville
......BJC Medical Group Palliative Care at Missouri Baptist Medical Center,https://www.bjcmedicalgroup.org/Find-a-Location/BJC-Medical-Group-Palliative-Care-at-Missouri-Baptist-Medical-Center
......BJC Medical Group Primary Care - North County,https://www.bjcmedicalgroup.org/Find-a-Location/BJC-Medical-Group-Primary-Care-North-County
......BJC Medical Group Primary Care at Ladue,https://www.bjcmedicalgroup.org/Find-a-Location/BJC-Medical-Group-Primary-Care-at-Ladue
......BJC Medical Group Primary Care at Shiloh - Suite 210,https://www.bjcmedicalgroup.org/Find-a-Location/BJC-Medical-Group-Primary-Care-at-Shiloh-Suite-210
......BJC Medical Group Primary Care at Shiloh - Suite 230,https://www.bjcmedicalgroup.org/Find-a-Location/BJC-Medical-Group-Primary-Care-at-Shiloh-Suite-230
......BJC Medical Group Primary Care at Shiloh - Suite 250,https://www.bjcmedicalgroup.org/Find-a-Location/BJC-Medical-Group-Primary-Care-at-Shiloh-Suite-250
......BJC Medical Group Psychology at O'Fallon,https://www.bjcmedicalgroup.org/Find-a-Location/BJC-Medical-Group-Psychology-at-OFallon
......BJC Medical Group Sleep Medicine at Alton,https://www.bjcmedicalgroup.org/Find-a-Location/BJC-Medical-Group-Sleep-Medicine-at-Alton
......BJC Medical Group Steelville Clinic,https://www.bjcmedicalgroup.org/Find-a-Location/BJC-Medical-Group-Steelville-Clinic
......BJC Medical Group Sullivan Clinic,https://www.bjcmedicalgroup.org/Find-a-Location/BJC-Medical-Group-Sullivan-Clinic
......BJC Medical Group Women’s Health Care - Suite 366,https://www.bjcmedicalgroup.org/Find-a-Location/BJC-Medical-Group-Womens-Health-Care-Suite-366
......BJC Medical Group Women's Health Care - Suite 360,https://www.bjcmedicalgroup.org/Find-a-Location/BJC-Medical-Group-Womens-Health-Care-Suite-360
......Family Care at Christian Hospital,https://www.bjcmedicalgroup.org/Find-a-Location/Family-Care-at-Christian-Hospital
......Hand Surgery at Belleville,https://www.bjcmedicalgroup.org/Find-a-Location/Hand-Surgery-at-Belleville
......Internal Medicine at Belleville - Lincoln Place Court,https://www.bjcmedicalgroup.org/Find-a-Location/Internal-Medicine-at-Belleville-Lincoln-Place-Court
......Memorial Hospital Sleep Lab,https://www.bjcmedicalgroup.org/Find-a-Location/Memorial-Hospital-Sleep-Lab
......MS Center for Innovations in Care,https://www.bjcmedicalgroup.org/Find-a-Location/MS-Center-for-Innovations-in-Care
......Obstetrics/Gynecology at Belleville,https://www.bjcmedicalgroup.org/Find-a-Location/Obstetrics-Gynecology-at-Belleville
......Obstetrics/Gynecology at Shiloh,https://www.bjcmedicalgroup.org/Find-a-Location/Obstetrics-Gynecology-at-Shiloh
......Premier Infectious Disease Consultants,https://www.bjcmedicalgroup.org/Find-a-Location/Premier-Infectious-Disease-Consultants
......Premier Infectious Disease Consultants - Alton,https://www.bjcmedicalgroup.org/Find-a-Location/Premier-Infectious-Disease-Consultants-Alton
......Professionals in Women's Care,https://www.bjcmedicalgroup.org/Find-a-Location/Professionals-in-Womens-Care
......Professionals in Women's Care - Sunset Hills,https://www.bjcmedicalgroup.org/Find-a-Location/Professionals-in-Womens-Care-Sunset-Hills
......Rheumatology and Internal Medicine Associates,https://www.bjcmedicalgroup.org/Find-a-Location/Rheumatology-and-Internal-Medicine-Associates
......Vascular and Vein Surgery at Belleville,https://www.bjcmedicalgroup.org/Find-a-Location/Vascular-and-Vein-Surgery-at-Belleville
......West County Medical Associates,https://www.bjcmedicalgroup.org/Find-a-Location/West-County-Medical-Associates
......West End OBGYN,https://www.bjcmedicalgroup.org/Find-a-Location/West-End-OBGYN
......BJC Medical Group Orthopedics & Sports Medicine at Shiloh,https://www.bjcmedicalgroup.org/Find-a-Location/BJC-Medical-Group-Orthopedics-Sports-Medicine-at-Shiloh
......BJC Medical Group Women's Care at Progress West,https://www.bjcmedicalgroup.org/Find-a-Location/BJC-Medical-Group-Womens-Health-Care-at-Progress-West
......Arrhythmia Center - Sunset Hills,https://www.bjcmedicalgroup.org/Find-a-Location/Arrhythmia-Center-Sunset-Hills
......BJC Medical Group Cardiology at Sunset Hills,https://www.bjcmedicalgroup.org/Find-a-Location/BJC-Medical-Group-Cardiology-at-Sunset-Hills
......BJC Medical Group Convenient Care at O'Fallon,https://www.bjcmedicalgroup.org/Find-a-Location/BJC-Medical-Group-Convenient-Care-at-OFallon
......BJC Medical Group Nephrology at Shiloh,https://www.bjcmedicalgroup.org/Find-a-Location/BJC-Medical-Group-Nephrology-at-Shiloh
......BJC Medical Group Sleep Medicine at Edwardsville,https://www.bjcmedicalgroup.org/Find-a-Location/BJC-Medical-Group-Sleep-Medicine-at-Edwardsville
......Internal Medicine Specialists,https://www.bjcmedicalgroup.org/Find-a-Location/Internal-Medicine-Specialists
......BJC Medical Group General Surgery at Festus,https://www.bjcmedicalgroup.org/Find-a-Location/BJC-Medical-Group-General-Surgery-at-Festus
......BJC Medical Group Infectious Disease at Belleville,https://www.bjcmedicalgroup.org/Find-a-Location/BJC-Medical-Group-Infectious-Disease-at-Belleville
......BJC Medical Group Pain Management at Edwardsville,https://www.bjcmedicalgroup.org/Find-a-Location/BJC-Medical-Group-Pain-Management-at-Edwardsville
......BJC Medical Group Neurology Associates at St.. Peters,https://www.bjcmedicalgroup.org/Find-a-Location/BJC-Medical-Group-Neurology-Associates-at-St-Peters
......BJC Medical Group Endocrinology at Progress West,https://www.bjcmedicalgroup.org/Find-a-Location/BJC-Medical-Group-Endocrinology-at-Progress-West
......BJC Medical Group Primary Care and Sports Medicine at Edwardsville,https://www.bjcmedicalgroup.org/Find-a-Location/BJC-Medical-Group-Primary-Care-and-Sports-Medicine-at-Edwardsville
......BJC Medical Group Cardiology at Chesterfield,https://www.bjcmedicalgroup.org/Find-a-Location/BJC-Medical-Group-Cardiology-at-Chesterfield
......BJC Medical Group ENT Specialists at Chesterfield,https://www.bjcmedicalgroup.org/Find-a-Location/BJC-Medical-Group-ENT-Specialists-at-Chesterfield
......BJC Medical Group Family Medicine at Belleville - 4700 Memorial,https://www.bjcmedicalgroup.org/Find-a-Location/BJC-Medical-Group-Family-Medicine-at-Belleville-4700-Memorial
......BJC Medical Group Primary Care at Chesterfield,https://www.bjcmedicalgroup.org/Find-a-Location/BJC-Medical-Group-Primary-Care-at-Chesterfield
......BJC Medical Group Women's Health Care at Chesterfield,https://www.bjcmedicalgroup.org/Find-a-Location/BJC-Medical-Group-Womens-Health-Care-at-Chesterfield
......Rheumatology and Internal Medicine Associates at South County,https://www.bjcmedicalgroup.org/Find-a-Location/Rheumatology-and-Internal-Medicine-Associates-at-South-County
......BJC Medical Group Midwifery at Ladue,https://www.bjcmedicalgroup.org/Find-a-Location/BJC-Medical-Group-Midwifery-at-Ladue
......BJC Medical Group Gastroenterology at Christian at Northwest,https://www.bjcmedicalgroup.org/Find-a-Location/BJC-Medical-Group-Gastroenterology-at-Christian-at-Northwest
......BJC Medical Group Primary Care at Alton,https://www.bjcmedicalgroup.org/Find-a-Location/BJC-Medical-Group-Primary-Care-at-Alton
......BJC Medical Group at Progress West - Pediatrics,https://www.bjcmedicalgroup.org/Find-a-Location/BJC-Medical-Group-at-Progress-West-Pediatrics
......BJC Medical Group Family Medicine at Chesterfield,https://www.bjcmedicalgroup.org/Find-a-Location/BJC-Medical-Group-Family-Medicine-at-Chesterfield
......BJC Medical Group Orthopedics and Sports Medicine at Christian Hospital,https://www.bjcmedicalgroup.org/Find-a-Location/BJC-Medical-Group-Orthopedics-and-Sports-Medicine-at-Christian-Hospital
......BJC Medical Group Orthopedics and Sports Medicine at Christian Hospital Northwest,https://www.bjcmedicalgroup.org/Find-a-Location/BJC-Medical-Group-Orthopedics-and-Sports-Medicine-at-Christian-Hospital-Northwest
......OB/GYN Associates at Rock Hill,https://www.bjcmedicalgroup.org/Find-a-Location/OB-GYN-Associates-at-Rock-Hill
......Advanced Wound Care Center,https://www.bjcmedicalgroup.org/Find-a-Location/Advanced-Wound-Care-Center
......BJC Medical Group Gastroenterology at Belleville,https://www.bjcmedicalgroup.org/Find-a-Location/BJC-Medical-Group-Gastroenterology-at-Belleville
......Medical Arts Specialists,https://www.bjcmedicalgroup.org/Find-a-Location/Medical-Arts-Specialists
......Parkland Wound Care,https://www.bjcmedicalgroup.org/Find-a-Location/Parkland-Wound-Care
......St.. Louis Gastroenterology Consultants,https://www.bjcmedicalgroup.org/Find-a-Location/St-Louis-Gastroenterology-Consultants
......BJC Medical Group Convenient Care at Chesterfield,https://www.bjcmedicalgroup.org/Find-a-Location/BJC-Medical-Group-Convenient-Care-at-Chesterfield
......West End OB/GYN at Christian Hospital,https://www.bjcmedicalgroup.org/Find-a-Location/West-End-OB-GYN-at-Christian-Hospital
......BJC Medical Group Convenient Care at Hazelwood,https://www.bjcmedicalgroup.org/Find-a-Location/BJC-Medical-Group-Convenient-Care-at-Hazelwood
......BJC Medical Group Womens's Healthcare at Wentzville,https://www.bjcmedicalgroup.org/Find-a-Location/BJC-Medical-Group-Womenss-Healthcare-at-Wentzville
......ENT at Belleville - Frank Scott Parkway,https://www.bjcmedicalgroup.org/Find-a-Location/ENT-at-Belleville-Frank-Scott-Parkway
......BJC Medical Group Women's Health Care at Lake St.. Louis,https://www.bjcmedicalgroup.org/Find-a-Location/BJC-Medical-Group-Womens-Health-Care-at-Lake-St-Louis
......BJC Medical Group Rheumatology Associates at Missouri Baptist Medical Center,https://www.bjcmedicalgroup.org/Find-a-Location/BJC-Medical-Group-Rheumatology-Associates-at-Missouri-Baptist-Medical-Center
......BJC Medical Group Rheumatology at St.. Peters,https://www.bjcmedicalgroup.org/Find-a-Location/BJC-Medical-Group-Rheumatology-at-St-Peters
......BJC Medical Group Family Medicine at Belleville- Suite 260,https://www.bjcmedicalgroup.org/Find-a-Location/BJC-Medical-Group-Family-Medicine-at-Belleville-Suite-260
Find a Doctor,https://doctors.bjc.org/wlp2/bjcmedicalgroup/doctors/search
About,https://www.bjcmedicalgroup.org/About
Careers,https://www.bjcmedicalgroup.org/Careers
Contact,https://www.bjcmedicalgroup.org/Contact
Virtual Care,https://www.bjc.org/virtual-care
......Childrens,https://www.bjcmedicalgroup.org/EGreeting/Childrens
............ECard Thank You,https://www.bjcmedicalgroup.org/EGreeting/Childrens/ECard-Thank-You
Medical Records,https://www.bjcmedicalgroup.org/Medical-Records
,/
314.996.7663,tel:314.996.7663
Medical Records Release Form,/Portals/0/PDFs/HIPAA Authorization for Release of Information.pdf
Find a Medical Group Location,/Find-a-Location
BJC Statement on Non-Discrimination,https://www.bjc.org/For-Patients-Visitors/BJC-Statement-on-Non-Discrimination
,https://www.facebook.com/bjcmgphysicians
,https://www.youtube.com/user/bjcmedicalgroup/feed
,http://www.bjc.org
314.286.2000,tel:314.286.2000
Contact Us,/Contact-Us
Financial Assistance,https://www.bjc.org/For-Patients-Visitors/Financial-Assistance-Billing-Resources/Financial-Assistance
Home,/
Our Policies,https://www.bjc.org/Our-Policies
Patient Privacy,https://www.bjc.org/For-Patients-Visitors/Patient-Privacy
