Original Domain,Title,Final URL
bjcbooks.net,No title found,https://bjcbooks.net
bjcconciergecare.com,No title found,https://bjcconciergecare.com
bjcconciergecare.net,No title found,https://bjcconciergecare.net
bjcconciergecare.org,No title found,https://bjcconciergecare.org
bjchealthcare.org,No title found,https://bjchealthcare.org
bjchealthsolutions.com,No title found,https://bjchealthsolutions.com
bjchealthsolutions.net,No title found,https://bjchealthsolutions.net
bjcnorthcounty.com,No title found,https://bjcnorthcounty.com
bjcnorthcounty.org,No title found,https://bjcnorthcounty.org
bjcortho.net,No title found,https://bjcortho.net
bjcschooloutreach.org,bjcschooloutreach.org | 526: Invalid SSL certificate,https://bjcschooloutreach.org/
bjcstcharlescountyknee.net,No title found,https://bjcstcharlescountyknee.net
bjctoday.online,No title found,https://bjctoday.online
owmb.org,No title found,https://owmb.org
bjchealthcare.com,"BJC HealthCare | St. Louis, MO",https://www.bjc.org/
bjc.healthcare,"BJC HealthCare | St. Louis, MO",https://www.bjc.org/
bjhne.ws,"BJC HealthCare | St. Louis, MO",https://www.bjc.org/
bjchealthcare.net,"BJC HealthCare | St. Louis, MO",https://www.bjc.org/
bjccollaborative.net,The BJC Collaborative,https://www.bjc.org/About-Us/The-BJC-Collaborative
bjccollaborative.com,The BJC Collaborative,https://www.bjc.org/About-Us/The-BJC-Collaborative
bjcaco.org,Home | BJC Accountable Care Organization,https://www.bjc.org/aco
bjcaco.com,Home | BJC Accountable Care Organization,https://www.bjc.org/aco
bjcaco.net,Home | BJC Accountable Care Organization,https://www.bjc.org/aco
bjcbooks.org,BJC Book Brigade | BJC HealthCare,https://www.bjc.org/BJCbooks
bjccenterofexcellence.org,BJC Center of Excellence | BJC HealthCare,https://www.bjc.org/coe
bjctodayonline.com,Links to Employee Resources,https://www.bjc.org/For-Employees
bjctodayonline.org,Links to Employee Resources,https://www.bjc.org/For-Employees
bjctodayonline.net,Links to Employee Resources,https://www.bjc.org/For-Employees
choosebettermedicine.org,Health Insurance Marketplace for BJC Patients | BJC HealthCare,https://www.bjc.org/For-Patients-Visitors/Health-Marketplace?utm_source=choosebetter&amp;amp;utm_medium=tv&amp;amp;utm_campaign=Marketplace
choosebettermedicine.net,Health Insurance Marketplace for BJC Patients | BJC HealthCare,https://www.bjc.org/For-Patients-Visitors/Health-Marketplace?utm_source=choosebetter&amp;utm_medium=tv&amp;utm_campaign=Marketplace
bjccommunityhealth.net,BJC HealthCare > For Patients & Visitors > In Your Community > BJC Community Health Services,https://www.bjc.org/For-Patients-Visitors/In-Your-Community/BJC-Community-Health-Services
bjccommunityhealthservices.org,BJC HealthCare > For Patients & Visitors > In Your Community > BJC Community Health Services,https://www.bjc.org/For-Patients-Visitors/In-Your-Community/BJC-Community-Health-Services
bjccommunityhealthliteracy.com,BJC HealthCare > For Patients & Visitors > In Your Community > BJC Community Health Services,https://www.bjc.org/For-Patients-Visitors/In-Your-Community/BJC-Community-Health-Services
bjccommunityhealthliteracy.org,BJC HealthCare > For Patients & Visitors > In Your Community > BJC Community Health Services,https://www.bjc.org/For-Patients-Visitors/In-Your-Community/BJC-Community-Health-Services
bjccommunityhealth.com,BJC HealthCare > For Patients & Visitors > In Your Community > BJC Community Health Services,https://www.bjc.org/For-Patients-Visitors/In-Your-Community/BJC-Community-Health-Services
bjccommunityhealth.org,BJC HealthCare > For Patients & Visitors > In Your Community > BJC Community Health Services,https://www.bjc.org/For-Patients-Visitors/In-Your-Community/BJC-Community-Health-Services
bjccommunityhealthservices.com,BJC HealthCare > For Patients & Visitors > In Your Community > BJC Community Health Services,https://www.bjc.org/For-Patients-Visitors/In-Your-Community/BJC-Community-Health-Services
bjccommunityhealthliteracy.net,BJC HealthCare > For Patients & Visitors > In Your Community > BJC Community Health Services,https://www.bjc.org/For-Patients-Visitors/In-Your-Community/BJC-Community-Health-Services
bjcschooloutreach.com,School Outreach and Youth Development | BJC HealthCare,https://www.bjc.org/For-Patients-Visitors/In-Your-Community/school-outreach-and-youth-development
bjcgovernmentrelations.com,BJC Government Relations | BJC HealthCare,https://www.bjc.org/Government-Relations
bjcgovernmentrelations.org,BJC Government Relations | BJC HealthCare,https://www.bjc.org/Government-Relations
bjcgovernmentrelations.net,BJC Government Relations | BJC HealthCare,https://www.bjc.org/Government-Relations
bjchealthsolutions.org,BJC HealthSolutions | BJC HealthCare,https://www.bjc.org/healthsolutions
bjchealthcare.jobs,Jobs | BJC HealthCare,https://www.bjc.org/jobs
bjcjobs.org,Jobs | BJC HealthCare,https://www.bjc.org/Jobs
bjcjobs.com,Jobs | BJC HealthCare,https://www.bjc.org/Jobs
yourcareermadebetter.jobs,Jobs | BJC HealthCare,https://www.bjc.org/jobs?utm_source=Various&utm_medium=Custom%20URL&utm_campaign=Jobs%20URLs
bjc.jobs,Jobs | BJC HealthCare,https://www.bjc.org/jobs?utm_source=Various&utm_medium=Custom%20URL&utm_campaign=Jobs%20URLs
makemedicinebetter.com,St. Louis Health & Healthcare News | BJC HealthCare,https://www.bjc.org/Newsroom
makemedicinebetter.net,St. Louis Health & Healthcare News | BJC HealthCare,https://www.bjc.org/Newsroom
progresswestbaby.org,"Find an OBGYN | BJC HealthCare, St. Louis, MO",https://www.bjc.org/obgyn
progresswestbaby.com,"Find an OBGYN | BJC HealthCare, St. Louis, MO",https://www.bjc.org/OBGYN
progresswestbaby.net,"Find an OBGYN | BJC HealthCare, St. Louis, MO",https://www.bjc.org/OBGYN
bjcortho.org,BJC HealthCare > Ortho,https://www.bjc.org/Ortho
bjcstcharlescountyknee.com,BJC HealthCare > Ortho,https://www.bjc.org/Ortho
bjcstcharlescountyknee.org,BJC HealthCare > Ortho,https://www.bjc.org/Ortho
ourworldmadebetter.com,Our World Made Better | BJC HealthCare,https://www.bjc.org/owmb
ourworldmadebetter.org,Our World Made Better | BJC HealthCare,https://www.bjc.org/owmb
bjcimaging.org,"Imaging and Radiology Services in St. Louis, Missouri & Illinois | BJC HealthCare",https://www.bjc.org/Services/Medical-Services/Imaging
bjcimaging.com,"Imaging and Radiology Services in St. Louis, Missouri & Illinois | BJC HealthCare",https://www.bjc.org/Services/Medical-Services/Imaging
bjcradiology.com,"Imaging and Radiology Services in St. Louis, Missouri & Illinois | BJC HealthCare",https://www.bjc.org/Services/Medical-Services/Imaging
bjcimaging.net,"Imaging and Radiology Services in St. Louis, Missouri & Illinois | BJC HealthCare",https://www.bjc.org/Services/Medical-Services/Imaging
bjcradiology.net,"Imaging and Radiology Services in St. Louis, Missouri & Illinois | BJC HealthCare",https://www.bjc.org/Services/Medical-Services/Imaging
bjcradiology.org,"Imaging and Radiology Services in St. Louis, Missouri & Illinois | BJC HealthCare",https://www.bjc.org/Services/Medical-Services/Imaging
bjcmedicalgroup.net,Home | BJC Medical Group,https://www.bjcmedicalgroup.org/
bjcmedicalgroup.com,Home | BJC Medical Group,https://www.bjcmedicalgroup.org/
bjcorthopedics.net,Find a Location | BJC Medical Group,https://www.bjcmedicalgroup.org/alton-orthopedic-clinic
